sample,label
0.jpeg,0
1.jpeg,50
2.jpeg,67
3.jpeg,82
4.jpeg,54
5.jpeg,27
6.jpeg,22
7.jpeg,15
8.jpeg,4
9.jpeg,53
10.jpeg,76
11.jpeg,52
12.jpeg,78
13.jpeg,33
14.jpeg,28
15.jpeg,6
16.jpeg,39
17.jpeg,50
18.jpeg,32
19.jpeg,46
20.jpeg,11
21.jpeg,14
22.jpeg,61
23.jpeg,31
24.jpeg,79
25.jpeg,71
26.jpeg,57
27.jpeg,88
28.jpeg,82
29.jpeg,89
30.jpeg,55
31.jpeg,62
32.jpeg,28
33.jpeg,62
34.jpeg,48
35.jpeg,0
36.jpeg,83
37.jpeg,63
38.jpeg,28
39.jpeg,26
40.jpeg,18
41.jpeg,40
42.jpeg,5
43.jpeg,25
44.jpeg,79
45.jpeg,85
46.jpeg,34
47.jpeg,49
48.jpeg,63
49.jpeg,23
50.jpeg,15
51.jpeg,93
52.jpeg,46
53.jpeg,44
54.jpeg,18
55.jpeg,22
56.jpeg,53
57.jpeg,10
58.jpeg,66
59.jpeg,75
60.jpeg,73
61.jpeg,51
62.jpeg,17
63.jpeg,47
64.jpeg,82
65.jpeg,15
66.jpeg,73
67.jpeg,5
68.jpeg,63
69.jpeg,74
70.jpeg,45
71.jpeg,59
72.jpeg,49
73.jpeg,70
74.jpeg,61
75.jpeg,7
76.jpeg,79
77.jpeg,57
78.jpeg,3
79.jpeg,1
80.jpeg,88
81.jpeg,48
82.jpeg,91
83.jpeg,10
84.jpeg,65
85.jpeg,63
86.jpeg,31
87.jpeg,9
88.jpeg,33
89.jpeg,83
90.jpeg,31
91.jpeg,0
92.jpeg,4
93.jpeg,92
94.jpeg,86
95.jpeg,26
96.jpeg,61
97.jpeg,49
98.jpeg,5
99.jpeg,86
100.jpeg,18
101.jpeg,59
102.jpeg,90
103.jpeg,36
104.jpeg,58
105.jpeg,70
106.jpeg,86
107.jpeg,5
108.jpeg,63
109.jpeg,9
110.jpeg,1
111.jpeg,60
112.jpeg,57
113.jpeg,30
114.jpeg,9
115.jpeg,34
116.jpeg,35
117.jpeg,17
118.jpeg,33
119.jpeg,86
120.jpeg,24
121.jpeg,47
122.jpeg,35
123.jpeg,52
124.jpeg,99
125.jpeg,73
126.jpeg,8
127.jpeg,51
128.jpeg,97
129.jpeg,42
130.jpeg,88
131.jpeg,11
132.jpeg,8
133.jpeg,5
134.jpeg,16
135.jpeg,21
136.jpeg,93
137.jpeg,82
138.jpeg,37
139.jpeg,29
140.jpeg,55
141.jpeg,97
142.jpeg,17
143.jpeg,2
144.jpeg,95
145.jpeg,81
146.jpeg,10
147.jpeg,8
148.jpeg,4
149.jpeg,32
150.jpeg,1
151.jpeg,64
152.jpeg,33
153.jpeg,3
154.jpeg,30
155.jpeg,57
156.jpeg,34
157.jpeg,89
158.jpeg,17
159.jpeg,30
160.jpeg,66
161.jpeg,32
162.jpeg,35
163.jpeg,49
164.jpeg,64
165.jpeg,87
166.jpeg,60
167.jpeg,42
168.jpeg,43
169.jpeg,40
170.jpeg,39
171.jpeg,80
172.jpeg,57
173.jpeg,74
174.jpeg,22
175.jpeg,58
176.jpeg,1
177.jpeg,15
178.jpeg,16
179.jpeg,13
180.jpeg,39
181.jpeg,82
182.jpeg,82
183.jpeg,87
184.jpeg,20
185.jpeg,0
186.jpeg,10
187.jpeg,68
188.jpeg,13
189.jpeg,48
190.jpeg,4
191.jpeg,86
192.jpeg,24
193.jpeg,24
194.jpeg,16
195.jpeg,64
196.jpeg,12
197.jpeg,64
198.jpeg,99
199.jpeg,68
200.jpeg,79
201.jpeg,90
202.jpeg,94
203.jpeg,55
204.jpeg,46
205.jpeg,10
206.jpeg,82
207.jpeg,61
208.jpeg,73
209.jpeg,95
210.jpeg,74
211.jpeg,97
212.jpeg,35
213.jpeg,74
214.jpeg,2
215.jpeg,46
216.jpeg,79
217.jpeg,93
218.jpeg,63
219.jpeg,97
220.jpeg,46
221.jpeg,33
222.jpeg,70
223.jpeg,56
224.jpeg,43
225.jpeg,41
226.jpeg,41
227.jpeg,57
228.jpeg,24
229.jpeg,76
230.jpeg,15
231.jpeg,87
232.jpeg,45
233.jpeg,58
234.jpeg,87
235.jpeg,74
236.jpeg,56
237.jpeg,22
238.jpeg,23
239.jpeg,25
240.jpeg,39
241.jpeg,11
242.jpeg,57
243.jpeg,50
244.jpeg,83
245.jpeg,66
246.jpeg,32
247.jpeg,96
248.jpeg,49
249.jpeg,18
250.jpeg,13
251.jpeg,41
252.jpeg,37
253.jpeg,86
254.jpeg,68
255.jpeg,7
256.jpeg,20
257.jpeg,20
258.jpeg,0
259.jpeg,20
260.jpeg,28
261.jpeg,61
262.jpeg,31
263.jpeg,63
264.jpeg,46
265.jpeg,38
266.jpeg,23
267.jpeg,67
268.jpeg,15
269.jpeg,38
270.jpeg,55
271.jpeg,91
272.jpeg,37
273.jpeg,91
274.jpeg,77
275.jpeg,21
276.jpeg,44
277.jpeg,14
278.jpeg,83
279.jpeg,15
280.jpeg,71
281.jpeg,45
282.jpeg,49
283.jpeg,23
284.jpeg,90
285.jpeg,59
286.jpeg,19
287.jpeg,50
288.jpeg,72
289.jpeg,44
290.jpeg,66
291.jpeg,64
292.jpeg,2
293.jpeg,61
294.jpeg,64
295.jpeg,62
296.jpeg,25
297.jpeg,57
298.jpeg,23
299.jpeg,27
300.jpeg,75
301.jpeg,83
302.jpeg,43
303.jpeg,15
304.jpeg,53
305.jpeg,54
306.jpeg,88
307.jpeg,73
308.jpeg,81
309.jpeg,60
310.jpeg,43
311.jpeg,14
312.jpeg,84
313.jpeg,70
314.jpeg,62
315.jpeg,62
316.jpeg,53
317.jpeg,88
318.jpeg,48
319.jpeg,86
320.jpeg,18
321.jpeg,18
322.jpeg,14
323.jpeg,34
324.jpeg,32
325.jpeg,17
326.jpeg,8
327.jpeg,2
328.jpeg,87
329.jpeg,64
330.jpeg,73
331.jpeg,12
332.jpeg,33
333.jpeg,96
334.jpeg,81
335.jpeg,79
336.jpeg,15
337.jpeg,20
338.jpeg,29
339.jpeg,91
340.jpeg,63
341.jpeg,82
342.jpeg,57
343.jpeg,57
344.jpeg,34
345.jpeg,48
346.jpeg,92
347.jpeg,17
348.jpeg,62
349.jpeg,6
350.jpeg,53
351.jpeg,30
352.jpeg,85
353.jpeg,17
354.jpeg,19
355.jpeg,20
356.jpeg,82
357.jpeg,75
358.jpeg,68
359.jpeg,37
360.jpeg,33
361.jpeg,79
362.jpeg,36
363.jpeg,11
364.jpeg,56
365.jpeg,10
366.jpeg,63
367.jpeg,34
368.jpeg,76
369.jpeg,37
370.jpeg,18
371.jpeg,51
372.jpeg,56
373.jpeg,68
374.jpeg,24
375.jpeg,9
376.jpeg,59
377.jpeg,77
378.jpeg,69
379.jpeg,31
380.jpeg,25
381.jpeg,84
382.jpeg,15
383.jpeg,81
384.jpeg,47
385.jpeg,19
386.jpeg,4
387.jpeg,85
388.jpeg,29
389.jpeg,17
390.jpeg,43
391.jpeg,63
392.jpeg,54
393.jpeg,29
394.jpeg,25
395.jpeg,1
396.jpeg,98
397.jpeg,15
398.jpeg,49
399.jpeg,31
400.jpeg,46
401.jpeg,31
402.jpeg,68
403.jpeg,80
404.jpeg,93
405.jpeg,15
406.jpeg,7
407.jpeg,97
408.jpeg,15
409.jpeg,2
410.jpeg,84
411.jpeg,85
412.jpeg,45
413.jpeg,56
414.jpeg,90
415.jpeg,77
416.jpeg,97
417.jpeg,32
418.jpeg,98
419.jpeg,83
420.jpeg,57
421.jpeg,10
422.jpeg,5
423.jpeg,54
424.jpeg,8
425.jpeg,13
426.jpeg,91
427.jpeg,24
428.jpeg,41
429.jpeg,50
430.jpeg,3
431.jpeg,36
432.jpeg,97
433.jpeg,31
434.jpeg,47
435.jpeg,66
436.jpeg,56
437.jpeg,32
438.jpeg,41
439.jpeg,68
440.jpeg,62
441.jpeg,19
442.jpeg,81
443.jpeg,58
444.jpeg,20
445.jpeg,58
446.jpeg,29
447.jpeg,85
448.jpeg,44
449.jpeg,1
450.jpeg,60
451.jpeg,7
452.jpeg,11
453.jpeg,7
454.jpeg,21
455.jpeg,73
456.jpeg,79
457.jpeg,80
458.jpeg,95
459.jpeg,86
460.jpeg,60
461.jpeg,85
462.jpeg,61
463.jpeg,39
464.jpeg,31
465.jpeg,64
466.jpeg,72
467.jpeg,32
468.jpeg,20
469.jpeg,87
470.jpeg,60
471.jpeg,45
472.jpeg,13
473.jpeg,22
474.jpeg,10
475.jpeg,71
476.jpeg,30
477.jpeg,83
478.jpeg,21
479.jpeg,57
480.jpeg,26
481.jpeg,49
482.jpeg,46
483.jpeg,71
484.jpeg,47
485.jpeg,91
486.jpeg,34
487.jpeg,40
488.jpeg,74
489.jpeg,98
490.jpeg,56
491.jpeg,74
492.jpeg,33
493.jpeg,44
494.jpeg,67
495.jpeg,75
496.jpeg,3
497.jpeg,61
498.jpeg,7
499.jpeg,77
500.jpeg,75
501.jpeg,61
502.jpeg,86
503.jpeg,97
504.jpeg,72
505.jpeg,83
506.jpeg,6
507.jpeg,67
508.jpeg,31
509.jpeg,76
510.jpeg,89
511.jpeg,39
512.jpeg,39
513.jpeg,72
514.jpeg,61
515.jpeg,71
516.jpeg,14
517.jpeg,7
518.jpeg,92
519.jpeg,94
520.jpeg,97
521.jpeg,18
522.jpeg,97
523.jpeg,99
524.jpeg,80
525.jpeg,89
526.jpeg,57
527.jpeg,16
528.jpeg,4
529.jpeg,72
530.jpeg,32
531.jpeg,81
532.jpeg,68
533.jpeg,88
534.jpeg,0
535.jpeg,37
536.jpeg,15
537.jpeg,54
538.jpeg,18
539.jpeg,27
540.jpeg,88
541.jpeg,82
542.jpeg,55
543.jpeg,11
544.jpeg,75
545.jpeg,21
546.jpeg,92
547.jpeg,16
548.jpeg,45
549.jpeg,67
550.jpeg,68
551.jpeg,77
552.jpeg,96
553.jpeg,34
554.jpeg,51
555.jpeg,76
556.jpeg,26
557.jpeg,38
558.jpeg,48
559.jpeg,20
560.jpeg,54
561.jpeg,98
562.jpeg,29
563.jpeg,18
564.jpeg,30
565.jpeg,95
566.jpeg,30
567.jpeg,52
568.jpeg,36
569.jpeg,64
570.jpeg,4
571.jpeg,19
572.jpeg,84
573.jpeg,31
574.jpeg,81
575.jpeg,30
576.jpeg,34
577.jpeg,75
578.jpeg,41
579.jpeg,3
580.jpeg,86
581.jpeg,94
582.jpeg,28
583.jpeg,94
584.jpeg,12
585.jpeg,85
586.jpeg,14
587.jpeg,73
588.jpeg,52
589.jpeg,12
590.jpeg,14
591.jpeg,8
592.jpeg,44
593.jpeg,57
594.jpeg,25
595.jpeg,61
596.jpeg,20
597.jpeg,5
598.jpeg,84
599.jpeg,53
600.jpeg,62
601.jpeg,66
602.jpeg,30
603.jpeg,4
604.jpeg,4
605.jpeg,18
606.jpeg,97
607.jpeg,9
608.jpeg,16
609.jpeg,34
610.jpeg,9
611.jpeg,13
612.jpeg,80
613.jpeg,86
614.jpeg,51
615.jpeg,47
616.jpeg,82
617.jpeg,3
618.jpeg,60
619.jpeg,12
620.jpeg,5
621.jpeg,43
622.jpeg,94
623.jpeg,62
624.jpeg,83
625.jpeg,1
626.jpeg,46
627.jpeg,39
628.jpeg,42
629.jpeg,72
630.jpeg,91
631.jpeg,62
632.jpeg,50
633.jpeg,10
634.jpeg,43
635.jpeg,40
636.jpeg,49
637.jpeg,46
638.jpeg,63
639.jpeg,74
640.jpeg,91
641.jpeg,76
642.jpeg,98
643.jpeg,57
644.jpeg,1
645.jpeg,28
646.jpeg,62
647.jpeg,36
648.jpeg,64
649.jpeg,24
650.jpeg,11
651.jpeg,36
652.jpeg,49
653.jpeg,55
654.jpeg,49
655.jpeg,47
656.jpeg,57
657.jpeg,46
658.jpeg,80
659.jpeg,0
660.jpeg,45
661.jpeg,74
662.jpeg,51
663.jpeg,58
664.jpeg,63
665.jpeg,22
666.jpeg,12
667.jpeg,27
668.jpeg,83
669.jpeg,28
670.jpeg,10
671.jpeg,79
672.jpeg,82
673.jpeg,25
674.jpeg,77
675.jpeg,99
676.jpeg,78
677.jpeg,5
678.jpeg,98
679.jpeg,22
680.jpeg,30
681.jpeg,5
682.jpeg,25
683.jpeg,20
684.jpeg,80
685.jpeg,47
686.jpeg,79
687.jpeg,63
688.jpeg,19
689.jpeg,72
690.jpeg,71
691.jpeg,2
692.jpeg,51
693.jpeg,6
694.jpeg,79
695.jpeg,54
696.jpeg,97
697.jpeg,60
698.jpeg,46
699.jpeg,49
700.jpeg,84
701.jpeg,60
702.jpeg,53
703.jpeg,5
704.jpeg,32
705.jpeg,97
706.jpeg,42
707.jpeg,87
708.jpeg,50
709.jpeg,54
710.jpeg,69
711.jpeg,48
712.jpeg,61
713.jpeg,2
714.jpeg,47
715.jpeg,30
716.jpeg,75
717.jpeg,24
718.jpeg,64
719.jpeg,18
720.jpeg,94
721.jpeg,31
722.jpeg,67
723.jpeg,19
724.jpeg,0
725.jpeg,13
726.jpeg,3
727.jpeg,88
728.jpeg,83
729.jpeg,27
730.jpeg,17
731.jpeg,78
732.jpeg,48
733.jpeg,87
734.jpeg,40
735.jpeg,26
736.jpeg,25
737.jpeg,15
738.jpeg,92
739.jpeg,34
740.jpeg,55
741.jpeg,17
742.jpeg,85
743.jpeg,93
744.jpeg,4
745.jpeg,34
746.jpeg,97
747.jpeg,79
748.jpeg,34
749.jpeg,24
750.jpeg,22
751.jpeg,9
752.jpeg,24
753.jpeg,52
754.jpeg,55
755.jpeg,32
756.jpeg,43
757.jpeg,30
758.jpeg,61
759.jpeg,28
760.jpeg,1
761.jpeg,87
762.jpeg,62
763.jpeg,78
764.jpeg,80
765.jpeg,28
766.jpeg,14
767.jpeg,30
768.jpeg,24
769.jpeg,92
770.jpeg,32
771.jpeg,13
772.jpeg,17
773.jpeg,33
774.jpeg,60
775.jpeg,53
776.jpeg,45
777.jpeg,32
778.jpeg,79
779.jpeg,98
780.jpeg,59
781.jpeg,50
782.jpeg,71
783.jpeg,65
784.jpeg,25
785.jpeg,84
786.jpeg,54
787.jpeg,74
788.jpeg,5
789.jpeg,42
790.jpeg,90
791.jpeg,47
792.jpeg,40
793.jpeg,22
794.jpeg,69
795.jpeg,0
796.jpeg,68
797.jpeg,87
798.jpeg,96
799.jpeg,7
800.jpeg,18
801.jpeg,92
802.jpeg,41
803.jpeg,2
804.jpeg,10
805.jpeg,92
806.jpeg,22
807.jpeg,49
808.jpeg,69
809.jpeg,17
810.jpeg,62
811.jpeg,10
812.jpeg,78
813.jpeg,10
814.jpeg,38
815.jpeg,86
816.jpeg,72
817.jpeg,56
818.jpeg,78
819.jpeg,80
820.jpeg,91
821.jpeg,8
822.jpeg,12
823.jpeg,84
824.jpeg,94
825.jpeg,21
826.jpeg,99
827.jpeg,5
828.jpeg,50
829.jpeg,12
830.jpeg,54
831.jpeg,39
832.jpeg,75
833.jpeg,19
834.jpeg,92
835.jpeg,23
836.jpeg,41
837.jpeg,8
838.jpeg,96
839.jpeg,57
840.jpeg,3
841.jpeg,20
842.jpeg,38
843.jpeg,8
844.jpeg,47
845.jpeg,2
846.jpeg,96
847.jpeg,75
848.jpeg,4
849.jpeg,98
850.jpeg,86
851.jpeg,30
852.jpeg,35
853.jpeg,33
854.jpeg,93
855.jpeg,23
856.jpeg,72
857.jpeg,42
858.jpeg,88
859.jpeg,70
860.jpeg,77
861.jpeg,11
862.jpeg,56
863.jpeg,52
864.jpeg,4
865.jpeg,79
866.jpeg,24
867.jpeg,29
868.jpeg,15
869.jpeg,73
870.jpeg,50
871.jpeg,47
872.jpeg,11
873.jpeg,77
874.jpeg,59
875.jpeg,25
876.jpeg,82
877.jpeg,86
878.jpeg,93
879.jpeg,53
880.jpeg,10
881.jpeg,36
882.jpeg,68
883.jpeg,80
884.jpeg,38
885.jpeg,7
886.jpeg,24
887.jpeg,39
888.jpeg,74
889.jpeg,24
890.jpeg,92
891.jpeg,72
892.jpeg,1
893.jpeg,93
894.jpeg,53
895.jpeg,52
896.jpeg,25
897.jpeg,15
898.jpeg,54
899.jpeg,95
900.jpeg,12
901.jpeg,0
902.jpeg,34
903.jpeg,68
904.jpeg,3
905.jpeg,31
906.jpeg,92
907.jpeg,26
908.jpeg,69
909.jpeg,75
910.jpeg,95
911.jpeg,10
912.jpeg,44
913.jpeg,30
914.jpeg,94
915.jpeg,11
916.jpeg,46
917.jpeg,42
918.jpeg,13
919.jpeg,70
920.jpeg,60
921.jpeg,23
922.jpeg,30
923.jpeg,99
924.jpeg,58
925.jpeg,32
926.jpeg,26
927.jpeg,77
928.jpeg,58
929.jpeg,18
930.jpeg,76
931.jpeg,88
932.jpeg,9
933.jpeg,4
934.jpeg,79
935.jpeg,69
936.jpeg,28
937.jpeg,15
938.jpeg,24
939.jpeg,34
940.jpeg,56
941.jpeg,64
942.jpeg,96
943.jpeg,66
944.jpeg,53
945.jpeg,73
946.jpeg,44
947.jpeg,99
948.jpeg,0
949.jpeg,57
950.jpeg,98
951.jpeg,87
952.jpeg,50
953.jpeg,66
954.jpeg,62
955.jpeg,64
956.jpeg,45
957.jpeg,91
958.jpeg,79
959.jpeg,1
960.jpeg,90
961.jpeg,16
962.jpeg,51
963.jpeg,63
964.jpeg,49
965.jpeg,79
966.jpeg,82
967.jpeg,85
968.jpeg,15
969.jpeg,8
970.jpeg,45
971.jpeg,94
972.jpeg,81
973.jpeg,61
974.jpeg,26
975.jpeg,85
976.jpeg,4
977.jpeg,98
978.jpeg,22
979.jpeg,66
980.jpeg,36
981.jpeg,72
982.jpeg,20
983.jpeg,3
984.jpeg,72
985.jpeg,55
986.jpeg,60
987.jpeg,97
988.jpeg,44
989.jpeg,86
990.jpeg,97
991.jpeg,11
992.jpeg,98
993.jpeg,35
994.jpeg,14
995.jpeg,5
996.jpeg,21
997.jpeg,85
998.jpeg,15
999.jpeg,83
1000.jpeg,4
1001.jpeg,36
1002.jpeg,9
1003.jpeg,80
1004.jpeg,82
1005.jpeg,39
1006.jpeg,42
1007.jpeg,87
1008.jpeg,29
1009.jpeg,97
1010.jpeg,3
1011.jpeg,77
1012.jpeg,36
1013.jpeg,8
1014.jpeg,13
1015.jpeg,41
1016.jpeg,73
1017.jpeg,16
1018.jpeg,91
1019.jpeg,64
1020.jpeg,52
1021.jpeg,41
1022.jpeg,18
1023.jpeg,62
1024.jpeg,68
1025.jpeg,49
1026.jpeg,77
1027.jpeg,14
1028.jpeg,65
1029.jpeg,63
1030.jpeg,19
1031.jpeg,36
1032.jpeg,38
1033.jpeg,94
1034.jpeg,51
1035.jpeg,78
1036.jpeg,45
1037.jpeg,89
1038.jpeg,65
1039.jpeg,26
1040.jpeg,61
1041.jpeg,62
1042.jpeg,88
1043.jpeg,30
1044.jpeg,46
1045.jpeg,55
1046.jpeg,84
1047.jpeg,10
1048.jpeg,74
1049.jpeg,21
1050.jpeg,56
1051.jpeg,18
1052.jpeg,27
1053.jpeg,24
1054.jpeg,24
1055.jpeg,16
1056.jpeg,11
1057.jpeg,27
1058.jpeg,11
1059.jpeg,32
1060.jpeg,10
1061.jpeg,32
1062.jpeg,15
1063.jpeg,6
1064.jpeg,41
1065.jpeg,52
1066.jpeg,16
1067.jpeg,73
1068.jpeg,96
1069.jpeg,19
1070.jpeg,56
1071.jpeg,44
1072.jpeg,63
1073.jpeg,41
1074.jpeg,42
1075.jpeg,87
1076.jpeg,13
1077.jpeg,35
1078.jpeg,45
1079.jpeg,44
1080.jpeg,10
1081.jpeg,60
1082.jpeg,22
1083.jpeg,65
1084.jpeg,9
1085.jpeg,34
1086.jpeg,27
1087.jpeg,86
1088.jpeg,29
1089.jpeg,49
1090.jpeg,84
1091.jpeg,57
1092.jpeg,11
1093.jpeg,3
1094.jpeg,32
1095.jpeg,63
1096.jpeg,35
1097.jpeg,59
1098.jpeg,57
1099.jpeg,8
1100.jpeg,34
1101.jpeg,59
1102.jpeg,94
1103.jpeg,55
1104.jpeg,69
1105.jpeg,12
1106.jpeg,60
1107.jpeg,22
1108.jpeg,0
1109.jpeg,4
1110.jpeg,81
1111.jpeg,47
1112.jpeg,83
1113.jpeg,67
1114.jpeg,6
1115.jpeg,7
1116.jpeg,97
1117.jpeg,83
1118.jpeg,15
1119.jpeg,40
1120.jpeg,81
1121.jpeg,49
1122.jpeg,34
1123.jpeg,90
1124.jpeg,22
1125.jpeg,30
1126.jpeg,47
1127.jpeg,53
1128.jpeg,62
1129.jpeg,82
1130.jpeg,90
1131.jpeg,26
1132.jpeg,3
1133.jpeg,13
1134.jpeg,47
1135.jpeg,86
1136.jpeg,13
1137.jpeg,15
1138.jpeg,68
1139.jpeg,12
1140.jpeg,45
1141.jpeg,47
1142.jpeg,43
1143.jpeg,72
1144.jpeg,23
1145.jpeg,97
1146.jpeg,36
1147.jpeg,29
1148.jpeg,45
1149.jpeg,60
1150.jpeg,87
1151.jpeg,3
1152.jpeg,40
1153.jpeg,14
1154.jpeg,11
1155.jpeg,3
1156.jpeg,77
1157.jpeg,28
1158.jpeg,61
1159.jpeg,58
1160.jpeg,51
1161.jpeg,5
1162.jpeg,53
1163.jpeg,30
1164.jpeg,95
1165.jpeg,12
1166.jpeg,12
1167.jpeg,26
1168.jpeg,75
1169.jpeg,64
1170.jpeg,28
1171.jpeg,27
1172.jpeg,62
1173.jpeg,21
1174.jpeg,15
1175.jpeg,7
1176.jpeg,26
1177.jpeg,61
1178.jpeg,47
1179.jpeg,39
1180.jpeg,32
1181.jpeg,92
1182.jpeg,32
1183.jpeg,10
1184.jpeg,34
1185.jpeg,65
1186.jpeg,60
1187.jpeg,34
1188.jpeg,28
1189.jpeg,3
1190.jpeg,29
1191.jpeg,42
1192.jpeg,31
1193.jpeg,63
1194.jpeg,9
1195.jpeg,25
1196.jpeg,51
1197.jpeg,53
1198.jpeg,43
1199.jpeg,18
1200.jpeg,31
1201.jpeg,54
1202.jpeg,97
1203.jpeg,12
1204.jpeg,94
1205.jpeg,33
1206.jpeg,32
1207.jpeg,94
1208.jpeg,32
1209.jpeg,4
1210.jpeg,77
1211.jpeg,40
1212.jpeg,16
1213.jpeg,40
1214.jpeg,45
1215.jpeg,12
1216.jpeg,2
1217.jpeg,25
1218.jpeg,5
1219.jpeg,94
1220.jpeg,35
1221.jpeg,34
1222.jpeg,95
1223.jpeg,66
1224.jpeg,81
1225.jpeg,10
1226.jpeg,45
1227.jpeg,7
1228.jpeg,80
1229.jpeg,70
1230.jpeg,15
1231.jpeg,9
1232.jpeg,25
1233.jpeg,88
1234.jpeg,3
1235.jpeg,55
1236.jpeg,53
1237.jpeg,76
1238.jpeg,56
1239.jpeg,85
1240.jpeg,70
1241.jpeg,92
1242.jpeg,80
1243.jpeg,83
1244.jpeg,54
1245.jpeg,39
1246.jpeg,73
1247.jpeg,80
1248.jpeg,37
1249.jpeg,33
1250.jpeg,11
1251.jpeg,91
1252.jpeg,75
1253.jpeg,98
1254.jpeg,22
1255.jpeg,16
1256.jpeg,42
1257.jpeg,11
1258.jpeg,37
1259.jpeg,89
1260.jpeg,70
1261.jpeg,95
1262.jpeg,12
1263.jpeg,74
1264.jpeg,56
1265.jpeg,77
1266.jpeg,47
1267.jpeg,20
1268.jpeg,73
1269.jpeg,26
1270.jpeg,30
1271.jpeg,99
1272.jpeg,47
1273.jpeg,99
1274.jpeg,77
1275.jpeg,94
1276.jpeg,12
1277.jpeg,93
1278.jpeg,14
1279.jpeg,13
1280.jpeg,35
1281.jpeg,22
1282.jpeg,36
1283.jpeg,32
1284.jpeg,25
1285.jpeg,88
1286.jpeg,77
1287.jpeg,40
1288.jpeg,52
1289.jpeg,80
1290.jpeg,84
1291.jpeg,45
1292.jpeg,79
1293.jpeg,38
1294.jpeg,90
1295.jpeg,11
1296.jpeg,40
1297.jpeg,21
1298.jpeg,13
1299.jpeg,78
1300.jpeg,23
1301.jpeg,46
1302.jpeg,53
1303.jpeg,29
1304.jpeg,8
1305.jpeg,43
1306.jpeg,66
1307.jpeg,86
1308.jpeg,12
1309.jpeg,40
1310.jpeg,69
1311.jpeg,50
1312.jpeg,77
1313.jpeg,57
1314.jpeg,99
1315.jpeg,22
1316.jpeg,98
1317.jpeg,28
1318.jpeg,29
1319.jpeg,8
1320.jpeg,23
1321.jpeg,26
1322.jpeg,73
1323.jpeg,39
1324.jpeg,51
1325.jpeg,61
1326.jpeg,1
1327.jpeg,57
1328.jpeg,11
1329.jpeg,88
1330.jpeg,36
1331.jpeg,82
1332.jpeg,25
1333.jpeg,6
1334.jpeg,74
1335.jpeg,7
1336.jpeg,94
1337.jpeg,28
1338.jpeg,51
1339.jpeg,67
1340.jpeg,92
1341.jpeg,27
1342.jpeg,82
1343.jpeg,34
1344.jpeg,89
1345.jpeg,98
1346.jpeg,74
1347.jpeg,76
1348.jpeg,34
1349.jpeg,99
1350.jpeg,53
1351.jpeg,54
1352.jpeg,27
1353.jpeg,72
1354.jpeg,77
1355.jpeg,12
1356.jpeg,91
1357.jpeg,65
1358.jpeg,90
1359.jpeg,84
1360.jpeg,84
1361.jpeg,69
1362.jpeg,47
1363.jpeg,79
1364.jpeg,8
1365.jpeg,74
1366.jpeg,57
1367.jpeg,82
1368.jpeg,97
1369.jpeg,55
1370.jpeg,92
1371.jpeg,41
1372.jpeg,17
1373.jpeg,80
1374.jpeg,43
1375.jpeg,68
1376.jpeg,31
1377.jpeg,22
1378.jpeg,24
1379.jpeg,42
1380.jpeg,28
1381.jpeg,9
1382.jpeg,66
1383.jpeg,10
1384.jpeg,79
1385.jpeg,36
1386.jpeg,6
1387.jpeg,30
1388.jpeg,72
1389.jpeg,28
1390.jpeg,17
1391.jpeg,28
1392.jpeg,26
1393.jpeg,99
1394.jpeg,95
1395.jpeg,9
1396.jpeg,22
1397.jpeg,94
1398.jpeg,70
1399.jpeg,11
1400.jpeg,18
1401.jpeg,15
1402.jpeg,47
1403.jpeg,84
1404.jpeg,70
1405.jpeg,22
1406.jpeg,22
1407.jpeg,55
1408.jpeg,28
1409.jpeg,61
1410.jpeg,57
1411.jpeg,50
1412.jpeg,23
1413.jpeg,15
1414.jpeg,25
1415.jpeg,84
1416.jpeg,21
1417.jpeg,98
1418.jpeg,15
1419.jpeg,0
1420.jpeg,32
1421.jpeg,9
1422.jpeg,77
1423.jpeg,18
1424.jpeg,79
1425.jpeg,31
1426.jpeg,13
1427.jpeg,79
1428.jpeg,27
1429.jpeg,10
1430.jpeg,72
1431.jpeg,3
1432.jpeg,84
1433.jpeg,81
1434.jpeg,11
1435.jpeg,41
1436.jpeg,0
1437.jpeg,31
1438.jpeg,78
1439.jpeg,3
1440.jpeg,74
1441.jpeg,94
1442.jpeg,28
1443.jpeg,6
1444.jpeg,56
1445.jpeg,77
1446.jpeg,50
1447.jpeg,35
1448.jpeg,4
1449.jpeg,38
1450.jpeg,12
1451.jpeg,53
1452.jpeg,6
1453.jpeg,81
1454.jpeg,28
1455.jpeg,58
1456.jpeg,2
1457.jpeg,52
1458.jpeg,39
1459.jpeg,35
1460.jpeg,72
1461.jpeg,36
1462.jpeg,88
1463.jpeg,0
1464.jpeg,77
1465.jpeg,21
1466.jpeg,94
1467.jpeg,52
1468.jpeg,14
1469.jpeg,7
1470.jpeg,28
1471.jpeg,16
1472.jpeg,98
1473.jpeg,66
1474.jpeg,69
1475.jpeg,54
1476.jpeg,80
1477.jpeg,78
1478.jpeg,94
1479.jpeg,59
1480.jpeg,62
1481.jpeg,17
1482.jpeg,34
1483.jpeg,57
1484.jpeg,44
1485.jpeg,83
1486.jpeg,93
1487.jpeg,12
1488.jpeg,53
1489.jpeg,69
1490.jpeg,73
1491.jpeg,44
1492.jpeg,1
1493.jpeg,24
1494.jpeg,72
1495.jpeg,76
1496.jpeg,27
1497.jpeg,78
1498.jpeg,61
1499.jpeg,6
1500.jpeg,49
1501.jpeg,6
1502.jpeg,89
1503.jpeg,37
1504.jpeg,33
1505.jpeg,84
1506.jpeg,38
1507.jpeg,4
1508.jpeg,77
1509.jpeg,17
1510.jpeg,61
1511.jpeg,19
1512.jpeg,20
1513.jpeg,95
1514.jpeg,77
1515.jpeg,35
1516.jpeg,21
1517.jpeg,58
1518.jpeg,44
1519.jpeg,80
1520.jpeg,44
1521.jpeg,27
1522.jpeg,81
1523.jpeg,60
1524.jpeg,48
1525.jpeg,71
1526.jpeg,5
1527.jpeg,25
1528.jpeg,28
1529.jpeg,83
1530.jpeg,23
1531.jpeg,1
1532.jpeg,89
1533.jpeg,92
1534.jpeg,13
1535.jpeg,36
1536.jpeg,86
1537.jpeg,4
1538.jpeg,9
1539.jpeg,66
1540.jpeg,8
1541.jpeg,28
1542.jpeg,17
1543.jpeg,39
1544.jpeg,4
1545.jpeg,98
1546.jpeg,34
1547.jpeg,58
1548.jpeg,18
1549.jpeg,91
1550.jpeg,63
1551.jpeg,63
1552.jpeg,97
1553.jpeg,51
1554.jpeg,49
1555.jpeg,34
1556.jpeg,28
1557.jpeg,19
1558.jpeg,25
1559.jpeg,86
1560.jpeg,70
1561.jpeg,37
1562.jpeg,38
1563.jpeg,72
1564.jpeg,56
1565.jpeg,28
1566.jpeg,65
1567.jpeg,62
1568.jpeg,76
1569.jpeg,65
1570.jpeg,19
1571.jpeg,36
1572.jpeg,82
1573.jpeg,64
1574.jpeg,42
1575.jpeg,77
1576.jpeg,87
1577.jpeg,48
1578.jpeg,82
1579.jpeg,11
1580.jpeg,47
1581.jpeg,74
1582.jpeg,30
1583.jpeg,28
1584.jpeg,49
1585.jpeg,55
1586.jpeg,47
1587.jpeg,32
1588.jpeg,33
1589.jpeg,25
1590.jpeg,11
1591.jpeg,6
1592.jpeg,57
1593.jpeg,63
1594.jpeg,44
1595.jpeg,41
1596.jpeg,63
1597.jpeg,31
1598.jpeg,19
1599.jpeg,28
1600.jpeg,27
1601.jpeg,39
1602.jpeg,97
1603.jpeg,90
1604.jpeg,78
1605.jpeg,73
1606.jpeg,39
1607.jpeg,40
1608.jpeg,10
1609.jpeg,45
1610.jpeg,31
1611.jpeg,20
1612.jpeg,20
1613.jpeg,83
1614.jpeg,72
1615.jpeg,93
1616.jpeg,13
1617.jpeg,18
1618.jpeg,29
1619.jpeg,50
1620.jpeg,41
1621.jpeg,2
1622.jpeg,94
1623.jpeg,34
1624.jpeg,47
1625.jpeg,24
1626.jpeg,85
1627.jpeg,24
1628.jpeg,45
1629.jpeg,67
1630.jpeg,51
1631.jpeg,66
1632.jpeg,3
1633.jpeg,81
1634.jpeg,50
1635.jpeg,30
1636.jpeg,45
1637.jpeg,53
1638.jpeg,39
1639.jpeg,97
1640.jpeg,85
1641.jpeg,74
1642.jpeg,8
1643.jpeg,19
1644.jpeg,64
1645.jpeg,37
1646.jpeg,50
1647.jpeg,32
1648.jpeg,30
1649.jpeg,94
1650.jpeg,88
1651.jpeg,38
1652.jpeg,40
1653.jpeg,27
1654.jpeg,45
1655.jpeg,85
1656.jpeg,10
1657.jpeg,81
1658.jpeg,24
1659.jpeg,33
1660.jpeg,1
1661.jpeg,71
1662.jpeg,52
1663.jpeg,10
1664.jpeg,54
1665.jpeg,55
1666.jpeg,0
1667.jpeg,15
1668.jpeg,87
1669.jpeg,83
1670.jpeg,23
1671.jpeg,57
1672.jpeg,83
1673.jpeg,16
1674.jpeg,38
1675.jpeg,74
1676.jpeg,24
1677.jpeg,30
1678.jpeg,10
1679.jpeg,70
1680.jpeg,41
1681.jpeg,81
1682.jpeg,38
1683.jpeg,65
1684.jpeg,9
1685.jpeg,46
1686.jpeg,85
1687.jpeg,91
1688.jpeg,64
1689.jpeg,23
1690.jpeg,32
1691.jpeg,74
1692.jpeg,43
1693.jpeg,56
1694.jpeg,19
1695.jpeg,46
1696.jpeg,86
1697.jpeg,14
1698.jpeg,89
1699.jpeg,81
1700.jpeg,64
1701.jpeg,42
1702.jpeg,30
1703.jpeg,61
1704.jpeg,62
1705.jpeg,68
1706.jpeg,1
1707.jpeg,84
1708.jpeg,44
1709.jpeg,99
1710.jpeg,71
1711.jpeg,8
1712.jpeg,5
1713.jpeg,45
1714.jpeg,86
1715.jpeg,8
1716.jpeg,84
1717.jpeg,85
1718.jpeg,91
1719.jpeg,78
1720.jpeg,81
1721.jpeg,94
1722.jpeg,47
1723.jpeg,53
1724.jpeg,19
1725.jpeg,3
1726.jpeg,76
1727.jpeg,52
1728.jpeg,94
1729.jpeg,59
1730.jpeg,8
1731.jpeg,26
1732.jpeg,40
1733.jpeg,67
1734.jpeg,63
1735.jpeg,66
1736.jpeg,66
1737.jpeg,64
1738.jpeg,20
1739.jpeg,6
1740.jpeg,79
1741.jpeg,2
1742.jpeg,76
1743.jpeg,61
1744.jpeg,7
1745.jpeg,55
1746.jpeg,83
1747.jpeg,12
1748.jpeg,38
1749.jpeg,2
1750.jpeg,7
1751.jpeg,6
1752.jpeg,61
1753.jpeg,7
1754.jpeg,80
1755.jpeg,85
1756.jpeg,69
1757.jpeg,49
1758.jpeg,61
1759.jpeg,40
1760.jpeg,98
1761.jpeg,63
1762.jpeg,46
1763.jpeg,53
1764.jpeg,30
1765.jpeg,36
1766.jpeg,82
1767.jpeg,61
1768.jpeg,20
1769.jpeg,90
1770.jpeg,86
1771.jpeg,62
1772.jpeg,62
1773.jpeg,31
1774.jpeg,11
1775.jpeg,21
1776.jpeg,60
1777.jpeg,20
1778.jpeg,17
1779.jpeg,16
1780.jpeg,83
1781.jpeg,79
1782.jpeg,52
1783.jpeg,3
1784.jpeg,52
1785.jpeg,72
1786.jpeg,84
1787.jpeg,49
1788.jpeg,6
1789.jpeg,95
1790.jpeg,96
1791.jpeg,76
1792.jpeg,25
1793.jpeg,82
1794.jpeg,95
1795.jpeg,52
1796.jpeg,78
1797.jpeg,47
1798.jpeg,14
1799.jpeg,18
1800.jpeg,77
1801.jpeg,62
1802.jpeg,33
1803.jpeg,90
1804.jpeg,63
1805.jpeg,91
1806.jpeg,38
1807.jpeg,60
1808.jpeg,11
1809.jpeg,0
1810.jpeg,0
1811.jpeg,36
1812.jpeg,51
1813.jpeg,23
1814.jpeg,55
1815.jpeg,50
1816.jpeg,72
1817.jpeg,46
1818.jpeg,38
1819.jpeg,5
1820.jpeg,37
1821.jpeg,4
1822.jpeg,21
1823.jpeg,75
1824.jpeg,33
1825.jpeg,12
1826.jpeg,55
1827.jpeg,54
1828.jpeg,80
1829.jpeg,56
1830.jpeg,56
1831.jpeg,64
1832.jpeg,8
1833.jpeg,67
1834.jpeg,85
1835.jpeg,28
1836.jpeg,83
1837.jpeg,64
1838.jpeg,38
1839.jpeg,73
1840.jpeg,39
1841.jpeg,50
1842.jpeg,32
1843.jpeg,12
1844.jpeg,71
1845.jpeg,74
1846.jpeg,1
1847.jpeg,51
1848.jpeg,91
1849.jpeg,27
1850.jpeg,41
1851.jpeg,83
1852.jpeg,20
1853.jpeg,35
1854.jpeg,49
1855.jpeg,5
1856.jpeg,40
1857.jpeg,40
1858.jpeg,66
1859.jpeg,27
1860.jpeg,52
1861.jpeg,51
1862.jpeg,3
1863.jpeg,12
1864.jpeg,67
1865.jpeg,5
1866.jpeg,56
1867.jpeg,4
1868.jpeg,37
1869.jpeg,49
1870.jpeg,43
1871.jpeg,5
1872.jpeg,91
1873.jpeg,48
1874.jpeg,38
1875.jpeg,17
1876.jpeg,6
1877.jpeg,23
1878.jpeg,92
1879.jpeg,51
1880.jpeg,41
1881.jpeg,53
1882.jpeg,37
1883.jpeg,43
1884.jpeg,55
1885.jpeg,52
1886.jpeg,78
1887.jpeg,21
1888.jpeg,40
1889.jpeg,32
1890.jpeg,67
1891.jpeg,33
1892.jpeg,80
1893.jpeg,23
1894.jpeg,73
1895.jpeg,26
1896.jpeg,48
1897.jpeg,84
1898.jpeg,3
1899.jpeg,9
1900.jpeg,46
1901.jpeg,22
1902.jpeg,43
1903.jpeg,47
1904.jpeg,35
1905.jpeg,18
1906.jpeg,87
1907.jpeg,98
1908.jpeg,38
1909.jpeg,49
1910.jpeg,46
1911.jpeg,29
1912.jpeg,6
1913.jpeg,90
1914.jpeg,31
1915.jpeg,70
1916.jpeg,53
1917.jpeg,16
1918.jpeg,79
1919.jpeg,65
1920.jpeg,85
1921.jpeg,64
1922.jpeg,55
1923.jpeg,99
1924.jpeg,34
1925.jpeg,88
1926.jpeg,92
1927.jpeg,44
1928.jpeg,71
1929.jpeg,26
1930.jpeg,39
1931.jpeg,61
1932.jpeg,59
1933.jpeg,33
1934.jpeg,41
1935.jpeg,59
1936.jpeg,12
1937.jpeg,20
1938.jpeg,51
1939.jpeg,46
1940.jpeg,38
1941.jpeg,42
1942.jpeg,51
1943.jpeg,56
1944.jpeg,36
1945.jpeg,47
1946.jpeg,13
1947.jpeg,12
1948.jpeg,29
1949.jpeg,0
1950.jpeg,18
1951.jpeg,50
1952.jpeg,8
1953.jpeg,7
1954.jpeg,94
1955.jpeg,52
1956.jpeg,37
1957.jpeg,20
1958.jpeg,15
1959.jpeg,25
1960.jpeg,31
1961.jpeg,8
1962.jpeg,58
1963.jpeg,85
1964.jpeg,20
1965.jpeg,32
1966.jpeg,99
1967.jpeg,49
1968.jpeg,20
1969.jpeg,7
1970.jpeg,19
1971.jpeg,26
1972.jpeg,9
1973.jpeg,71
1974.jpeg,27
1975.jpeg,7
1976.jpeg,41
1977.jpeg,75
1978.jpeg,21
1979.jpeg,15
1980.jpeg,69
1981.jpeg,51
1982.jpeg,23
1983.jpeg,83
1984.jpeg,29
1985.jpeg,14
1986.jpeg,50
1987.jpeg,10
1988.jpeg,59
1989.jpeg,43
1990.jpeg,18
1991.jpeg,99
1992.jpeg,22
1993.jpeg,87
1994.jpeg,98
1995.jpeg,77
1996.jpeg,95
1997.jpeg,18
1998.jpeg,66
1999.jpeg,35
2000.jpeg,64
2001.jpeg,68
2002.jpeg,84
2003.jpeg,40
2004.jpeg,1
2005.jpeg,14
2006.jpeg,3
2007.jpeg,47
2008.jpeg,42
2009.jpeg,69
2010.jpeg,84
2011.jpeg,98
2012.jpeg,76
2013.jpeg,41
2014.jpeg,81
2015.jpeg,30
2016.jpeg,12
2017.jpeg,54
2018.jpeg,29
2019.jpeg,23
2020.jpeg,94
2021.jpeg,65
2022.jpeg,8
2023.jpeg,78
2024.jpeg,9
2025.jpeg,49
2026.jpeg,18
2027.jpeg,46
2028.jpeg,15
2029.jpeg,52
2030.jpeg,14
2031.jpeg,2
2032.jpeg,92
2033.jpeg,0
2034.jpeg,3
2035.jpeg,46
2036.jpeg,51
2037.jpeg,17
2038.jpeg,73
2039.jpeg,92
2040.jpeg,38
2041.jpeg,54
2042.jpeg,87
2043.jpeg,73
2044.jpeg,48
2045.jpeg,8
2046.jpeg,38
2047.jpeg,40
2048.jpeg,17
2049.jpeg,48
2050.jpeg,16
2051.jpeg,9
2052.jpeg,27
2053.jpeg,78
2054.jpeg,80
2055.jpeg,32
2056.jpeg,78
2057.jpeg,73
2058.jpeg,25
2059.jpeg,92
2060.jpeg,98
2061.jpeg,64
2062.jpeg,6
2063.jpeg,63
2064.jpeg,98
2065.jpeg,82
2066.jpeg,57
2067.jpeg,85
2068.jpeg,62
2069.jpeg,62
2070.jpeg,29
2071.jpeg,93
2072.jpeg,97
2073.jpeg,0
2074.jpeg,89
2075.jpeg,5
2076.jpeg,38
2077.jpeg,47
2078.jpeg,42
2079.jpeg,83
2080.jpeg,0
2081.jpeg,38
2082.jpeg,0
2083.jpeg,75
2084.jpeg,47
2085.jpeg,97
2086.jpeg,63
2087.jpeg,72
2088.jpeg,54
2089.jpeg,86
2090.jpeg,45
2091.jpeg,56
2092.jpeg,72
2093.jpeg,84
2094.jpeg,44
2095.jpeg,43
2096.jpeg,26
2097.jpeg,9
2098.jpeg,25
2099.jpeg,86
2100.jpeg,38
2101.jpeg,23
2102.jpeg,60
2103.jpeg,46
2104.jpeg,30
2105.jpeg,24
2106.jpeg,82
2107.jpeg,46
2108.jpeg,75
2109.jpeg,37
2110.jpeg,37
2111.jpeg,4
2112.jpeg,26
2113.jpeg,98
2114.jpeg,13
2115.jpeg,77
2116.jpeg,59
2117.jpeg,21
2118.jpeg,42
2119.jpeg,77
2120.jpeg,10
2121.jpeg,77
2122.jpeg,12
2123.jpeg,42
2124.jpeg,30
2125.jpeg,14
2126.jpeg,67
2127.jpeg,83
2128.jpeg,69
2129.jpeg,87
2130.jpeg,35
2131.jpeg,37
2132.jpeg,16
2133.jpeg,71
2134.jpeg,34
2135.jpeg,37
2136.jpeg,94
2137.jpeg,38
2138.jpeg,66
2139.jpeg,94
2140.jpeg,2
2141.jpeg,6
2142.jpeg,96
2143.jpeg,97
2144.jpeg,21
2145.jpeg,59
2146.jpeg,80
2147.jpeg,14
2148.jpeg,76
2149.jpeg,23
2150.jpeg,10
2151.jpeg,61
2152.jpeg,68
2153.jpeg,37
2154.jpeg,18
2155.jpeg,44
2156.jpeg,91
2157.jpeg,70
2158.jpeg,89
2159.jpeg,22
2160.jpeg,69
2161.jpeg,63
2162.jpeg,20
2163.jpeg,76
2164.jpeg,81
2165.jpeg,61
2166.jpeg,31
2167.jpeg,54
2168.jpeg,86
2169.jpeg,41
2170.jpeg,16
2171.jpeg,52
2172.jpeg,24
2173.jpeg,95
2174.jpeg,20
2175.jpeg,21
2176.jpeg,10
2177.jpeg,17
2178.jpeg,75
2179.jpeg,14
2180.jpeg,82
2181.jpeg,35
2182.jpeg,83
2183.jpeg,50
2184.jpeg,44
2185.jpeg,25
2186.jpeg,94
2187.jpeg,17
2188.jpeg,62
2189.jpeg,30
2190.jpeg,56
2191.jpeg,40
2192.jpeg,17
2193.jpeg,79
2194.jpeg,70
2195.jpeg,19
2196.jpeg,23
2197.jpeg,68
2198.jpeg,4
2199.jpeg,12
2200.jpeg,44
2201.jpeg,88
2202.jpeg,6
2203.jpeg,16
2204.jpeg,98
2205.jpeg,6
2206.jpeg,67
2207.jpeg,74
2208.jpeg,34
2209.jpeg,38
2210.jpeg,70
2211.jpeg,53
2212.jpeg,29
2213.jpeg,71
2214.jpeg,11
2215.jpeg,68
2216.jpeg,4
2217.jpeg,35
2218.jpeg,64
2219.jpeg,13
2220.jpeg,7
2221.jpeg,60
2222.jpeg,3
2223.jpeg,18
2224.jpeg,52
2225.jpeg,73
2226.jpeg,56
2227.jpeg,98
2228.jpeg,5
2229.jpeg,79
2230.jpeg,90
2231.jpeg,98
2232.jpeg,47
2233.jpeg,15
2234.jpeg,38
2235.jpeg,92
2236.jpeg,48
2237.jpeg,72
2238.jpeg,38
2239.jpeg,51
2240.jpeg,51
2241.jpeg,84
2242.jpeg,19
2243.jpeg,10
2244.jpeg,83
2245.jpeg,49
2246.jpeg,7
2247.jpeg,39
2248.jpeg,29
2249.jpeg,61
2250.jpeg,25
2251.jpeg,1
2252.jpeg,71
2253.jpeg,72
2254.jpeg,53
2255.jpeg,28
2256.jpeg,21
2257.jpeg,9
2258.jpeg,95
2259.jpeg,92
2260.jpeg,99
2261.jpeg,51
2262.jpeg,20
2263.jpeg,56
2264.jpeg,63
2265.jpeg,69
2266.jpeg,62
2267.jpeg,59
2268.jpeg,78
2269.jpeg,97
2270.jpeg,61
2271.jpeg,53
2272.jpeg,66
2273.jpeg,29
2274.jpeg,47
2275.jpeg,27
2276.jpeg,76
2277.jpeg,59
2278.jpeg,72
2279.jpeg,9
2280.jpeg,32
2281.jpeg,98
2282.jpeg,13
2283.jpeg,40
2284.jpeg,60
2285.jpeg,83
2286.jpeg,49
2287.jpeg,58
2288.jpeg,34
2289.jpeg,14
2290.jpeg,9
2291.jpeg,11
2292.jpeg,76
2293.jpeg,89
2294.jpeg,1
2295.jpeg,5
2296.jpeg,14
2297.jpeg,56
2298.jpeg,61
2299.jpeg,6
2300.jpeg,4
2301.jpeg,67
2302.jpeg,29
2303.jpeg,38
2304.jpeg,0
2305.jpeg,8
2306.jpeg,34
2307.jpeg,52
2308.jpeg,85
2309.jpeg,91
2310.jpeg,47
2311.jpeg,5
2312.jpeg,18
2313.jpeg,42
2314.jpeg,25
2315.jpeg,62
2316.jpeg,23
2317.jpeg,11
2318.jpeg,91
2319.jpeg,15
2320.jpeg,58
2321.jpeg,47
2322.jpeg,96
2323.jpeg,16
2324.jpeg,41
2325.jpeg,80
2326.jpeg,78
2327.jpeg,93
2328.jpeg,88
2329.jpeg,40
2330.jpeg,86
2331.jpeg,28
2332.jpeg,79
2333.jpeg,57
2334.jpeg,80
2335.jpeg,93
2336.jpeg,50
2337.jpeg,75
2338.jpeg,27
2339.jpeg,89
2340.jpeg,95
2341.jpeg,13
2342.jpeg,22
2343.jpeg,20
2344.jpeg,79
2345.jpeg,31
2346.jpeg,20
2347.jpeg,64
2348.jpeg,54
2349.jpeg,37
2350.jpeg,49
2351.jpeg,82
2352.jpeg,74
2353.jpeg,64
2354.jpeg,72
2355.jpeg,69
2356.jpeg,28
2357.jpeg,11
2358.jpeg,79
2359.jpeg,10
2360.jpeg,19
2361.jpeg,29
2362.jpeg,32
2363.jpeg,34
2364.jpeg,19
2365.jpeg,8
2366.jpeg,76
2367.jpeg,11
2368.jpeg,92
2369.jpeg,89
2370.jpeg,22
2371.jpeg,21
2372.jpeg,20
2373.jpeg,85
2374.jpeg,7
2375.jpeg,0
2376.jpeg,81
2377.jpeg,93
2378.jpeg,91
2379.jpeg,28
2380.jpeg,49
2381.jpeg,37
2382.jpeg,54
2383.jpeg,91
2384.jpeg,67
2385.jpeg,34
2386.jpeg,93
2387.jpeg,67
2388.jpeg,19
2389.jpeg,76
2390.jpeg,13
2391.jpeg,93
2392.jpeg,91
2393.jpeg,92
2394.jpeg,88
2395.jpeg,37
2396.jpeg,26
2397.jpeg,43
2398.jpeg,63
2399.jpeg,83
2400.jpeg,86
2401.jpeg,40
2402.jpeg,3
2403.jpeg,91
2404.jpeg,23
2405.jpeg,73
2406.jpeg,37
2407.jpeg,39
2408.jpeg,44
2409.jpeg,17
2410.jpeg,65
2411.jpeg,85
2412.jpeg,74
2413.jpeg,52
2414.jpeg,73
2415.jpeg,22
2416.jpeg,11
2417.jpeg,26
2418.jpeg,63
2419.jpeg,19
2420.jpeg,58
2421.jpeg,91
2422.jpeg,70
2423.jpeg,42
2424.jpeg,47
2425.jpeg,70
2426.jpeg,45
2427.jpeg,19
2428.jpeg,41
2429.jpeg,94
2430.jpeg,86
2431.jpeg,5
2432.jpeg,26
2433.jpeg,89
2434.jpeg,35
2435.jpeg,8
2436.jpeg,77
2437.jpeg,77
2438.jpeg,21
2439.jpeg,6
2440.jpeg,53
2441.jpeg,72
2442.jpeg,4
2443.jpeg,4
2444.jpeg,52
2445.jpeg,17
2446.jpeg,5
2447.jpeg,2
2448.jpeg,25
2449.jpeg,41
2450.jpeg,92
2451.jpeg,4
2452.jpeg,39
2453.jpeg,54
2454.jpeg,85
2455.jpeg,23
2456.jpeg,1
2457.jpeg,60
2458.jpeg,36
2459.jpeg,70
2460.jpeg,83
2461.jpeg,49
2462.jpeg,88
2463.jpeg,20
2464.jpeg,22
2465.jpeg,54
2466.jpeg,61
2467.jpeg,95
2468.jpeg,92
2469.jpeg,97
2470.jpeg,12
2471.jpeg,72
2472.jpeg,68
2473.jpeg,18
2474.jpeg,33
2475.jpeg,70
2476.jpeg,37
2477.jpeg,89
2478.jpeg,8
2479.jpeg,38
2480.jpeg,93
2481.jpeg,16
2482.jpeg,55
2483.jpeg,55
2484.jpeg,22
2485.jpeg,2
2486.jpeg,57
2487.jpeg,54
2488.jpeg,57
2489.jpeg,44
2490.jpeg,28
2491.jpeg,72
2492.jpeg,38
2493.jpeg,89
2494.jpeg,64
2495.jpeg,69
2496.jpeg,83
2497.jpeg,83
2498.jpeg,90
2499.jpeg,59
2500.jpeg,72
2501.jpeg,53
2502.jpeg,20
2503.jpeg,27
2504.jpeg,42
2505.jpeg,24
2506.jpeg,93
2507.jpeg,87
2508.jpeg,22
2509.jpeg,7
2510.jpeg,41
2511.jpeg,16
2512.jpeg,68
2513.jpeg,81
2514.jpeg,34
2515.jpeg,45
2516.jpeg,60
2517.jpeg,51
2518.jpeg,62
2519.jpeg,29
2520.jpeg,40
2521.jpeg,80
2522.jpeg,42
2523.jpeg,25
2524.jpeg,44
2525.jpeg,83
2526.jpeg,87
2527.jpeg,41
2528.jpeg,39
2529.jpeg,5
2530.jpeg,65
2531.jpeg,31
2532.jpeg,36
2533.jpeg,63
2534.jpeg,49
2535.jpeg,59
2536.jpeg,21
2537.jpeg,96
2538.jpeg,68
2539.jpeg,42
2540.jpeg,4
2541.jpeg,40
2542.jpeg,32
2543.jpeg,22
2544.jpeg,66
2545.jpeg,76
2546.jpeg,98
2547.jpeg,98
2548.jpeg,8
2549.jpeg,56
2550.jpeg,59
2551.jpeg,30
2552.jpeg,45
2553.jpeg,78
2554.jpeg,63
2555.jpeg,95
2556.jpeg,94
2557.jpeg,53
2558.jpeg,31
2559.jpeg,2
2560.jpeg,33
2561.jpeg,44
2562.jpeg,88
2563.jpeg,37
2564.jpeg,85
2565.jpeg,26
2566.jpeg,60
2567.jpeg,21
2568.jpeg,58
2569.jpeg,54
2570.jpeg,52
2571.jpeg,53
2572.jpeg,84
2573.jpeg,97
2574.jpeg,60
2575.jpeg,75
2576.jpeg,9
2577.jpeg,17
2578.jpeg,65
2579.jpeg,29
2580.jpeg,98
2581.jpeg,7
2582.jpeg,7
2583.jpeg,33
2584.jpeg,63
2585.jpeg,0
2586.jpeg,96
2587.jpeg,5
2588.jpeg,14
2589.jpeg,82
2590.jpeg,36
2591.jpeg,65
2592.jpeg,76
2593.jpeg,8
2594.jpeg,34
2595.jpeg,10
2596.jpeg,40
2597.jpeg,51
2598.jpeg,95
2599.jpeg,42
2600.jpeg,67
2601.jpeg,85
2602.jpeg,10
2603.jpeg,72
2604.jpeg,58
2605.jpeg,74
2606.jpeg,85
2607.jpeg,8
2608.jpeg,65
2609.jpeg,54
2610.jpeg,27
2611.jpeg,55
2612.jpeg,7
2613.jpeg,19
2614.jpeg,13
2615.jpeg,25
2616.jpeg,54
2617.jpeg,53
2618.jpeg,17
2619.jpeg,58
2620.jpeg,53
2621.jpeg,21
2622.jpeg,87
2623.jpeg,47
2624.jpeg,94
2625.jpeg,61
2626.jpeg,13
2627.jpeg,44
2628.jpeg,83
2629.jpeg,74
2630.jpeg,37
2631.jpeg,6
2632.jpeg,97
2633.jpeg,99
2634.jpeg,36
2635.jpeg,92
2636.jpeg,70
2637.jpeg,17
2638.jpeg,74
2639.jpeg,58
2640.jpeg,39
2641.jpeg,48
2642.jpeg,1
2643.jpeg,80
2644.jpeg,63
2645.jpeg,65
2646.jpeg,65
2647.jpeg,36
2648.jpeg,99
2649.jpeg,61
2650.jpeg,44
2651.jpeg,25
2652.jpeg,61
2653.jpeg,72
2654.jpeg,37
2655.jpeg,41
2656.jpeg,82
2657.jpeg,9
2658.jpeg,87
2659.jpeg,15
2660.jpeg,23
2661.jpeg,81
2662.jpeg,58
2663.jpeg,27
2664.jpeg,10
2665.jpeg,89
2666.jpeg,45
2667.jpeg,55
2668.jpeg,51
2669.jpeg,30
2670.jpeg,82
2671.jpeg,59
2672.jpeg,71
2673.jpeg,18
2674.jpeg,48
2675.jpeg,31
2676.jpeg,7
2677.jpeg,39
2678.jpeg,5
2679.jpeg,2
2680.jpeg,13
2681.jpeg,81
2682.jpeg,82
2683.jpeg,5
2684.jpeg,56
2685.jpeg,10
2686.jpeg,17
2687.jpeg,17
2688.jpeg,28
2689.jpeg,23
2690.jpeg,90
2691.jpeg,14
2692.jpeg,8
2693.jpeg,51
2694.jpeg,6
2695.jpeg,4
2696.jpeg,79
2697.jpeg,47
2698.jpeg,80
2699.jpeg,38
2700.jpeg,19
2701.jpeg,49
2702.jpeg,81
2703.jpeg,55
2704.jpeg,29
2705.jpeg,34
2706.jpeg,4
2707.jpeg,66
2708.jpeg,33
2709.jpeg,68
2710.jpeg,31
2711.jpeg,56
2712.jpeg,47
2713.jpeg,99
2714.jpeg,46
2715.jpeg,25
2716.jpeg,87
2717.jpeg,95
2718.jpeg,11
2719.jpeg,73
2720.jpeg,17
2721.jpeg,39
2722.jpeg,17
2723.jpeg,43
2724.jpeg,29
2725.jpeg,99
2726.jpeg,42
2727.jpeg,68
2728.jpeg,90
2729.jpeg,28
2730.jpeg,43
2731.jpeg,46
2732.jpeg,82
2733.jpeg,18
2734.jpeg,26
2735.jpeg,91
2736.jpeg,41
2737.jpeg,97
2738.jpeg,19
2739.jpeg,95
2740.jpeg,66
2741.jpeg,36
2742.jpeg,29
2743.jpeg,1
2744.jpeg,85
2745.jpeg,50
2746.jpeg,3
2747.jpeg,39
2748.jpeg,73
2749.jpeg,30
2750.jpeg,30
2751.jpeg,52
2752.jpeg,76
2753.jpeg,43
2754.jpeg,86
2755.jpeg,92
2756.jpeg,44
2757.jpeg,99
2758.jpeg,61
2759.jpeg,9
2760.jpeg,60
2761.jpeg,83
2762.jpeg,18
2763.jpeg,82
2764.jpeg,58
2765.jpeg,88
2766.jpeg,18
2767.jpeg,43
2768.jpeg,37
2769.jpeg,71
2770.jpeg,0
2771.jpeg,57
2772.jpeg,27
2773.jpeg,69
2774.jpeg,33
2775.jpeg,30
2776.jpeg,69
2777.jpeg,74
2778.jpeg,46
2779.jpeg,54
2780.jpeg,84
2781.jpeg,95
2782.jpeg,29
2783.jpeg,96
2784.jpeg,64
2785.jpeg,91
2786.jpeg,67
2787.jpeg,32
2788.jpeg,8
2789.jpeg,76
2790.jpeg,32
2791.jpeg,26
2792.jpeg,72
2793.jpeg,3
2794.jpeg,30
2795.jpeg,19
2796.jpeg,28
2797.jpeg,83
2798.jpeg,94
2799.jpeg,3
2800.jpeg,52
2801.jpeg,77
2802.jpeg,6
2803.jpeg,94
2804.jpeg,92
2805.jpeg,70
2806.jpeg,42
2807.jpeg,9
2808.jpeg,94
2809.jpeg,66
2810.jpeg,92
2811.jpeg,82
2812.jpeg,67
2813.jpeg,28
2814.jpeg,77
2815.jpeg,85
2816.jpeg,40
2817.jpeg,3
2818.jpeg,54
2819.jpeg,5
2820.jpeg,92
2821.jpeg,91
2822.jpeg,5
2823.jpeg,39
2824.jpeg,84
2825.jpeg,66
2826.jpeg,42
2827.jpeg,3
2828.jpeg,48
2829.jpeg,35
2830.jpeg,31
2831.jpeg,7
2832.jpeg,64
2833.jpeg,93
2834.jpeg,29
2835.jpeg,60
2836.jpeg,34
2837.jpeg,57
2838.jpeg,26
2839.jpeg,34
2840.jpeg,75
2841.jpeg,84
2842.jpeg,27
2843.jpeg,45
2844.jpeg,99
2845.jpeg,13
2846.jpeg,35
2847.jpeg,68
2848.jpeg,64
2849.jpeg,72
2850.jpeg,30
2851.jpeg,50
2852.jpeg,45
2853.jpeg,23
2854.jpeg,29
2855.jpeg,73
2856.jpeg,74
2857.jpeg,44
2858.jpeg,42
2859.jpeg,82
2860.jpeg,87
2861.jpeg,39
2862.jpeg,21
2863.jpeg,18
2864.jpeg,79
2865.jpeg,2
2866.jpeg,95
2867.jpeg,8
2868.jpeg,78
2869.jpeg,11
2870.jpeg,78
2871.jpeg,58
2872.jpeg,90
2873.jpeg,76
2874.jpeg,97
2875.jpeg,3
2876.jpeg,58
2877.jpeg,90
2878.jpeg,15
2879.jpeg,56
2880.jpeg,42
2881.jpeg,89
2882.jpeg,35
2883.jpeg,80
2884.jpeg,7
2885.jpeg,21
2886.jpeg,10
2887.jpeg,20
2888.jpeg,91
2889.jpeg,23
2890.jpeg,25
2891.jpeg,18
2892.jpeg,79
2893.jpeg,78
2894.jpeg,30
2895.jpeg,52
2896.jpeg,11
2897.jpeg,87
2898.jpeg,16
2899.jpeg,26
2900.jpeg,96
2901.jpeg,2
2902.jpeg,78
2903.jpeg,44
2904.jpeg,91
2905.jpeg,20
2906.jpeg,29
2907.jpeg,81
2908.jpeg,92
2909.jpeg,57
2910.jpeg,74
2911.jpeg,33
2912.jpeg,17
2913.jpeg,89
2914.jpeg,74
2915.jpeg,3
2916.jpeg,16
2917.jpeg,21
2918.jpeg,72
2919.jpeg,92
2920.jpeg,69
2921.jpeg,0
2922.jpeg,60
2923.jpeg,49
2924.jpeg,28
2925.jpeg,8
2926.jpeg,59
2927.jpeg,64
2928.jpeg,72
2929.jpeg,95
2930.jpeg,74
2931.jpeg,70
2932.jpeg,48
2933.jpeg,92
2934.jpeg,44
2935.jpeg,30
2936.jpeg,35
2937.jpeg,90
2938.jpeg,56
2939.jpeg,4
2940.jpeg,98
2941.jpeg,58
2942.jpeg,35
2943.jpeg,82
2944.jpeg,2
2945.jpeg,54
2946.jpeg,86
2947.jpeg,3
2948.jpeg,67
2949.jpeg,0
2950.jpeg,69
2951.jpeg,81
2952.jpeg,9
2953.jpeg,58
2954.jpeg,13
2955.jpeg,63
2956.jpeg,84
2957.jpeg,15
2958.jpeg,76
2959.jpeg,66
2960.jpeg,33
2961.jpeg,57
2962.jpeg,20
2963.jpeg,90
2964.jpeg,27
2965.jpeg,75
2966.jpeg,79
2967.jpeg,13
2968.jpeg,83
2969.jpeg,69
2970.jpeg,84
2971.jpeg,51
2972.jpeg,1
2973.jpeg,48
2974.jpeg,36
2975.jpeg,15
2976.jpeg,76
2977.jpeg,35
2978.jpeg,70
2979.jpeg,39
2980.jpeg,84
2981.jpeg,15
2982.jpeg,75
2983.jpeg,84
2984.jpeg,80
2985.jpeg,36
2986.jpeg,21
2987.jpeg,70
2988.jpeg,15
2989.jpeg,20
2990.jpeg,99
2991.jpeg,87
2992.jpeg,77
2993.jpeg,93
2994.jpeg,33
2995.jpeg,26
2996.jpeg,44
2997.jpeg,27
2998.jpeg,99
2999.jpeg,22
3000.jpeg,35
3001.jpeg,77
3002.jpeg,39
3003.jpeg,77
3004.jpeg,49
3005.jpeg,22
3006.jpeg,45
3007.jpeg,39
3008.jpeg,29
3009.jpeg,71
3010.jpeg,95
3011.jpeg,19
3012.jpeg,10
3013.jpeg,63
3014.jpeg,82
3015.jpeg,62
3016.jpeg,79
3017.jpeg,14
3018.jpeg,82
3019.jpeg,75
3020.jpeg,38
3021.jpeg,16
3022.jpeg,40
3023.jpeg,79
3024.jpeg,71
3025.jpeg,93
3026.jpeg,46
3027.jpeg,76
3028.jpeg,46
3029.jpeg,69
3030.jpeg,55
3031.jpeg,10
3032.jpeg,24
3033.jpeg,82
3034.jpeg,60
3035.jpeg,3
3036.jpeg,8
3037.jpeg,17
3038.jpeg,25
3039.jpeg,39
3040.jpeg,17
3041.jpeg,28
3042.jpeg,13
3043.jpeg,97
3044.jpeg,11
3045.jpeg,15
3046.jpeg,32
3047.jpeg,9
3048.jpeg,54
3049.jpeg,25
3050.jpeg,70
3051.jpeg,51
3052.jpeg,64
3053.jpeg,61
3054.jpeg,92
3055.jpeg,27
3056.jpeg,75
3057.jpeg,0
3058.jpeg,73
3059.jpeg,23
3060.jpeg,93
3061.jpeg,84
3062.jpeg,26
3063.jpeg,8
3064.jpeg,63
3065.jpeg,98
3066.jpeg,65
3067.jpeg,10
3068.jpeg,28
3069.jpeg,5
3070.jpeg,63
3071.jpeg,64
3072.jpeg,11
3073.jpeg,93
3074.jpeg,95
3075.jpeg,33
3076.jpeg,92
3077.jpeg,90
3078.jpeg,82
3079.jpeg,49
3080.jpeg,64
3081.jpeg,37
3082.jpeg,94
3083.jpeg,63
3084.jpeg,61
3085.jpeg,66
3086.jpeg,65
3087.jpeg,87
3088.jpeg,36
3089.jpeg,64
3090.jpeg,65
3091.jpeg,23
3092.jpeg,41
3093.jpeg,32
3094.jpeg,33
3095.jpeg,96
3096.jpeg,17
3097.jpeg,30
3098.jpeg,70
3099.jpeg,35
3100.jpeg,99
3101.jpeg,0
3102.jpeg,38
3103.jpeg,36
3104.jpeg,40
3105.jpeg,76
3106.jpeg,6
3107.jpeg,94
3108.jpeg,4
3109.jpeg,77
3110.jpeg,87
3111.jpeg,79
3112.jpeg,90
3113.jpeg,66
3114.jpeg,77
3115.jpeg,93
3116.jpeg,89
3117.jpeg,7
3118.jpeg,12
3119.jpeg,86
3120.jpeg,69
3121.jpeg,83
3122.jpeg,95
3123.jpeg,39
3124.jpeg,8
3125.jpeg,69
3126.jpeg,26
3127.jpeg,21
3128.jpeg,83
3129.jpeg,83
3130.jpeg,48
3131.jpeg,90
3132.jpeg,23
3133.jpeg,64
3134.jpeg,6
3135.jpeg,63
3136.jpeg,71
3137.jpeg,73
3138.jpeg,45
3139.jpeg,97
3140.jpeg,6
3141.jpeg,63
3142.jpeg,23
3143.jpeg,37
3144.jpeg,70
3145.jpeg,15
3146.jpeg,50
3147.jpeg,56
3148.jpeg,92
3149.jpeg,55
3150.jpeg,5
3151.jpeg,69
3152.jpeg,82
3153.jpeg,94
3154.jpeg,84
3155.jpeg,99
3156.jpeg,93
3157.jpeg,96
3158.jpeg,85
3159.jpeg,41
3160.jpeg,40
3161.jpeg,8
3162.jpeg,92
3163.jpeg,39
3164.jpeg,29
3165.jpeg,88
3166.jpeg,34
3167.jpeg,80
3168.jpeg,92
3169.jpeg,87
3170.jpeg,61
3171.jpeg,93
3172.jpeg,81
3173.jpeg,20
3174.jpeg,14
3175.jpeg,41
3176.jpeg,8
3177.jpeg,75
3178.jpeg,52
3179.jpeg,40
3180.jpeg,64
3181.jpeg,43
3182.jpeg,69
3183.jpeg,90
3184.jpeg,79
3185.jpeg,86
3186.jpeg,65
3187.jpeg,16
3188.jpeg,37
3189.jpeg,50
3190.jpeg,26
3191.jpeg,53
3192.jpeg,87
3193.jpeg,82
3194.jpeg,8
3195.jpeg,92
3196.jpeg,49
3197.jpeg,23
3198.jpeg,14
3199.jpeg,21
3200.jpeg,37
3201.jpeg,65
3202.jpeg,31
3203.jpeg,48
3204.jpeg,66
3205.jpeg,52
3206.jpeg,16
3207.jpeg,85
3208.jpeg,32
3209.jpeg,28
3210.jpeg,32
3211.jpeg,83
3212.jpeg,23
3213.jpeg,11
3214.jpeg,51
3215.jpeg,95
3216.jpeg,87
3217.jpeg,32
3218.jpeg,56
3219.jpeg,99
3220.jpeg,82
3221.jpeg,37
3222.jpeg,72
3223.jpeg,42
3224.jpeg,12
3225.jpeg,3
3226.jpeg,88
3227.jpeg,2
3228.jpeg,94
3229.jpeg,44
3230.jpeg,16
3231.jpeg,71
3232.jpeg,20
3233.jpeg,35
3234.jpeg,25
3235.jpeg,70
3236.jpeg,23
3237.jpeg,90
3238.jpeg,17
3239.jpeg,90
3240.jpeg,52
3241.jpeg,46
3242.jpeg,90
3243.jpeg,49
3244.jpeg,65
3245.jpeg,98
3246.jpeg,86
3247.jpeg,20
3248.jpeg,8
3249.jpeg,17
3250.jpeg,91
3251.jpeg,71
3252.jpeg,61
3253.jpeg,8
3254.jpeg,39
3255.jpeg,97
3256.jpeg,93
3257.jpeg,32
3258.jpeg,74
3259.jpeg,92
3260.jpeg,7
3261.jpeg,52
3262.jpeg,76
3263.jpeg,5
3264.jpeg,84
3265.jpeg,16
3266.jpeg,63
3267.jpeg,47
3268.jpeg,48
3269.jpeg,20
3270.jpeg,0
3271.jpeg,92
3272.jpeg,82
3273.jpeg,16
3274.jpeg,68
3275.jpeg,79
3276.jpeg,44
3277.jpeg,77
3278.jpeg,18
3279.jpeg,64
3280.jpeg,88
3281.jpeg,89
3282.jpeg,53
3283.jpeg,40
3284.jpeg,50
3285.jpeg,94
3286.jpeg,25
3287.jpeg,10
3288.jpeg,66
3289.jpeg,58
3290.jpeg,49
3291.jpeg,88
3292.jpeg,75
3293.jpeg,91
3294.jpeg,26
3295.jpeg,74
3296.jpeg,18
3297.jpeg,55
3298.jpeg,16
3299.jpeg,49
3300.jpeg,60
3301.jpeg,99
3302.jpeg,68
3303.jpeg,39
3304.jpeg,27
3305.jpeg,95
3306.jpeg,35
3307.jpeg,58
3308.jpeg,24
3309.jpeg,4
3310.jpeg,85
3311.jpeg,2
3312.jpeg,25
3313.jpeg,82
3314.jpeg,0
3315.jpeg,87
3316.jpeg,55
3317.jpeg,96
3318.jpeg,68
3319.jpeg,66
3320.jpeg,30
3321.jpeg,88
3322.jpeg,88
3323.jpeg,77
3324.jpeg,45
3325.jpeg,53
3326.jpeg,64
3327.jpeg,66
3328.jpeg,85
3329.jpeg,36
3330.jpeg,43
3331.jpeg,11
3332.jpeg,71
3333.jpeg,52
3334.jpeg,25
3335.jpeg,38
3336.jpeg,11
3337.jpeg,41
3338.jpeg,75
3339.jpeg,26
3340.jpeg,67
3341.jpeg,80
3342.jpeg,3
3343.jpeg,46
3344.jpeg,41
3345.jpeg,91
3346.jpeg,94
3347.jpeg,47
3348.jpeg,50
3349.jpeg,50
3350.jpeg,75
3351.jpeg,0
3352.jpeg,16
3353.jpeg,87
3354.jpeg,3
3355.jpeg,46
3356.jpeg,48
3357.jpeg,78
3358.jpeg,28
3359.jpeg,60
3360.jpeg,19
3361.jpeg,34
3362.jpeg,54
3363.jpeg,9
3364.jpeg,54
3365.jpeg,24
3366.jpeg,1
3367.jpeg,31
3368.jpeg,35
3369.jpeg,46
3370.jpeg,96
3371.jpeg,34
3372.jpeg,44
3373.jpeg,19
3374.jpeg,75
3375.jpeg,56
3376.jpeg,41
3377.jpeg,19
3378.jpeg,76
3379.jpeg,25
3380.jpeg,41
3381.jpeg,63
3382.jpeg,0
3383.jpeg,26
3384.jpeg,71
3385.jpeg,75
3386.jpeg,72
3387.jpeg,40
3388.jpeg,69
3389.jpeg,14
3390.jpeg,86
3391.jpeg,22
3392.jpeg,69
3393.jpeg,95
3394.jpeg,35
3395.jpeg,84
3396.jpeg,66
3397.jpeg,1
3398.jpeg,98
3399.jpeg,94
3400.jpeg,40
3401.jpeg,19
3402.jpeg,58
3403.jpeg,90
3404.jpeg,82
3405.jpeg,46
3406.jpeg,89
3407.jpeg,18
3408.jpeg,72
3409.jpeg,19
3410.jpeg,94
3411.jpeg,62
3412.jpeg,91
3413.jpeg,39
3414.jpeg,28
3415.jpeg,54
3416.jpeg,47
3417.jpeg,94
3418.jpeg,29
3419.jpeg,62
3420.jpeg,88
3421.jpeg,67
3422.jpeg,39
3423.jpeg,81
3424.jpeg,63
3425.jpeg,75
3426.jpeg,59
3427.jpeg,91
3428.jpeg,81
3429.jpeg,25
3430.jpeg,77
3431.jpeg,98
3432.jpeg,40
3433.jpeg,40
3434.jpeg,74
3435.jpeg,62
3436.jpeg,22
3437.jpeg,93
3438.jpeg,58
3439.jpeg,93
3440.jpeg,80
3441.jpeg,93
3442.jpeg,31
3443.jpeg,48
3444.jpeg,66
3445.jpeg,33
3446.jpeg,38
3447.jpeg,33
3448.jpeg,19
3449.jpeg,93
3450.jpeg,94
3451.jpeg,91
3452.jpeg,19
3453.jpeg,89
3454.jpeg,97
3455.jpeg,94
3456.jpeg,29
3457.jpeg,60
3458.jpeg,98
3459.jpeg,39
3460.jpeg,26
3461.jpeg,23
3462.jpeg,2
3463.jpeg,29
3464.jpeg,74
3465.jpeg,61
3466.jpeg,46
3467.jpeg,16
3468.jpeg,52
3469.jpeg,12
3470.jpeg,33
3471.jpeg,95
3472.jpeg,55
3473.jpeg,87
3474.jpeg,77
3475.jpeg,33
3476.jpeg,30
3477.jpeg,1
3478.jpeg,86
3479.jpeg,90
3480.jpeg,8
3481.jpeg,17
3482.jpeg,61
3483.jpeg,16
3484.jpeg,71
3485.jpeg,9
3486.jpeg,94
3487.jpeg,65
3488.jpeg,24
3489.jpeg,70
3490.jpeg,15
3491.jpeg,91
3492.jpeg,73
3493.jpeg,21
3494.jpeg,25
3495.jpeg,39
3496.jpeg,54
3497.jpeg,79
3498.jpeg,33
3499.jpeg,91
3500.jpeg,60
3501.jpeg,2
3502.jpeg,34
3503.jpeg,20
3504.jpeg,11
3505.jpeg,68
3506.jpeg,10
3507.jpeg,39
3508.jpeg,17
3509.jpeg,69
3510.jpeg,86
3511.jpeg,14
3512.jpeg,73
3513.jpeg,51
3514.jpeg,14
3515.jpeg,38
3516.jpeg,44
3517.jpeg,59
3518.jpeg,70
3519.jpeg,59
3520.jpeg,16
3521.jpeg,63
3522.jpeg,92
3523.jpeg,97
3524.jpeg,67
3525.jpeg,42
3526.jpeg,47
3527.jpeg,50
3528.jpeg,62
3529.jpeg,61
3530.jpeg,34
3531.jpeg,84
3532.jpeg,43
3533.jpeg,54
3534.jpeg,48
3535.jpeg,66
3536.jpeg,26
3537.jpeg,68
3538.jpeg,93
3539.jpeg,77
3540.jpeg,29
3541.jpeg,42
3542.jpeg,51
3543.jpeg,38
3544.jpeg,84
3545.jpeg,86
3546.jpeg,17
3547.jpeg,14
3548.jpeg,11
3549.jpeg,18
3550.jpeg,16
3551.jpeg,14
3552.jpeg,97
3553.jpeg,46
3554.jpeg,11
3555.jpeg,24
3556.jpeg,1
3557.jpeg,47
3558.jpeg,67
3559.jpeg,54
3560.jpeg,47
3561.jpeg,19
3562.jpeg,3
3563.jpeg,94
3564.jpeg,98
3565.jpeg,73
3566.jpeg,11
3567.jpeg,33
3568.jpeg,11
3569.jpeg,91
3570.jpeg,39
3571.jpeg,54
3572.jpeg,83
3573.jpeg,88
3574.jpeg,59
3575.jpeg,86
3576.jpeg,57
3577.jpeg,67
3578.jpeg,38
3579.jpeg,59
3580.jpeg,17
3581.jpeg,9
3582.jpeg,78
3583.jpeg,91
3584.jpeg,30
3585.jpeg,99
3586.jpeg,14
3587.jpeg,10
3588.jpeg,97
3589.jpeg,24
3590.jpeg,35
3591.jpeg,34
3592.jpeg,76
3593.jpeg,2
3594.jpeg,47
3595.jpeg,3
3596.jpeg,66
3597.jpeg,90
3598.jpeg,20
3599.jpeg,12
3600.jpeg,72
3601.jpeg,6
3602.jpeg,18
3603.jpeg,66
3604.jpeg,36
3605.jpeg,97
3606.jpeg,82
3607.jpeg,60
3608.jpeg,51
3609.jpeg,80
3610.jpeg,16
3611.jpeg,62
3612.jpeg,24
3613.jpeg,39
3614.jpeg,30
3615.jpeg,48
3616.jpeg,19
3617.jpeg,12
3618.jpeg,62
3619.jpeg,37
3620.jpeg,72
3621.jpeg,44
3622.jpeg,22
3623.jpeg,65
3624.jpeg,60
3625.jpeg,81
3626.jpeg,20
3627.jpeg,81
3628.jpeg,27
3629.jpeg,52
3630.jpeg,36
3631.jpeg,95
3632.jpeg,48
3633.jpeg,37
3634.jpeg,63
3635.jpeg,64
3636.jpeg,21
3637.jpeg,17
3638.jpeg,15
3639.jpeg,78
3640.jpeg,76
3641.jpeg,74
3642.jpeg,17
3643.jpeg,53
3644.jpeg,92
3645.jpeg,5
3646.jpeg,87
3647.jpeg,94
3648.jpeg,44
3649.jpeg,60
3650.jpeg,3
3651.jpeg,88
3652.jpeg,45
3653.jpeg,41
3654.jpeg,2
3655.jpeg,23
3656.jpeg,89
3657.jpeg,86
3658.jpeg,90
3659.jpeg,31
3660.jpeg,96
3661.jpeg,27
3662.jpeg,47
3663.jpeg,68
3664.jpeg,48
3665.jpeg,10
3666.jpeg,34
3667.jpeg,43
3668.jpeg,21
3669.jpeg,55
3670.jpeg,16
3671.jpeg,50
3672.jpeg,61
3673.jpeg,93
3674.jpeg,50
3675.jpeg,27
3676.jpeg,32
3677.jpeg,27
3678.jpeg,42
3679.jpeg,75
3680.jpeg,45
3681.jpeg,15
3682.jpeg,14
3683.jpeg,70
3684.jpeg,40
3685.jpeg,89
3686.jpeg,9
3687.jpeg,11
3688.jpeg,15
3689.jpeg,58
3690.jpeg,27
3691.jpeg,34
3692.jpeg,43
3693.jpeg,82
3694.jpeg,29
3695.jpeg,57
3696.jpeg,52
3697.jpeg,43
3698.jpeg,53
3699.jpeg,29
3700.jpeg,96
3701.jpeg,89
3702.jpeg,13
3703.jpeg,51
3704.jpeg,91
3705.jpeg,68
3706.jpeg,2
3707.jpeg,68
3708.jpeg,10
3709.jpeg,5
3710.jpeg,1
3711.jpeg,77
3712.jpeg,24
3713.jpeg,75
3714.jpeg,80
3715.jpeg,57
3716.jpeg,34
3717.jpeg,78
3718.jpeg,15
3719.jpeg,73
3720.jpeg,75
3721.jpeg,80
3722.jpeg,69
3723.jpeg,0
3724.jpeg,94
3725.jpeg,28
3726.jpeg,16
3727.jpeg,34
3728.jpeg,60
3729.jpeg,35
3730.jpeg,0
3731.jpeg,30
3732.jpeg,25
3733.jpeg,22
3734.jpeg,51
3735.jpeg,42
3736.jpeg,36
3737.jpeg,87
3738.jpeg,94
3739.jpeg,56
3740.jpeg,10
3741.jpeg,6
3742.jpeg,53
3743.jpeg,55
3744.jpeg,49
3745.jpeg,66
3746.jpeg,15
3747.jpeg,88
3748.jpeg,91
3749.jpeg,16
3750.jpeg,47
3751.jpeg,85
3752.jpeg,4
3753.jpeg,37
3754.jpeg,80
3755.jpeg,2
3756.jpeg,92
3757.jpeg,90
3758.jpeg,90
3759.jpeg,28
3760.jpeg,65
3761.jpeg,49
3762.jpeg,74
3763.jpeg,88
3764.jpeg,23
3765.jpeg,5
3766.jpeg,36
3767.jpeg,67
3768.jpeg,25
3769.jpeg,63
3770.jpeg,15
3771.jpeg,87
3772.jpeg,76
3773.jpeg,44
3774.jpeg,85
3775.jpeg,30
3776.jpeg,70
3777.jpeg,7
3778.jpeg,12
3779.jpeg,43
3780.jpeg,35
3781.jpeg,63
3782.jpeg,78
3783.jpeg,2
3784.jpeg,25
3785.jpeg,74
3786.jpeg,64
3787.jpeg,21
3788.jpeg,34
3789.jpeg,49
3790.jpeg,94
3791.jpeg,18
3792.jpeg,2
3793.jpeg,26
3794.jpeg,59
3795.jpeg,41
3796.jpeg,39
3797.jpeg,56
3798.jpeg,16
3799.jpeg,81
3800.jpeg,29
3801.jpeg,99
3802.jpeg,10
3803.jpeg,46
3804.jpeg,42
3805.jpeg,96
3806.jpeg,71
3807.jpeg,25
3808.jpeg,9
3809.jpeg,20
3810.jpeg,57
3811.jpeg,15
3812.jpeg,20
3813.jpeg,28
3814.jpeg,66
3815.jpeg,86
3816.jpeg,24
3817.jpeg,21
3818.jpeg,84
3819.jpeg,66
3820.jpeg,31
3821.jpeg,78
3822.jpeg,18
3823.jpeg,4
3824.jpeg,38
3825.jpeg,37
3826.jpeg,89
3827.jpeg,20
3828.jpeg,64
3829.jpeg,76
3830.jpeg,12
3831.jpeg,98
3832.jpeg,71
3833.jpeg,11
3834.jpeg,83
3835.jpeg,55
3836.jpeg,32
3837.jpeg,73
3838.jpeg,43
3839.jpeg,47
3840.jpeg,35
3841.jpeg,89
3842.jpeg,21
3843.jpeg,32
3844.jpeg,7
3845.jpeg,15
3846.jpeg,5
3847.jpeg,13
3848.jpeg,50
3849.jpeg,49
3850.jpeg,36
3851.jpeg,9
3852.jpeg,57
3853.jpeg,7
3854.jpeg,58
3855.jpeg,79
3856.jpeg,16
3857.jpeg,25
3858.jpeg,50
3859.jpeg,86
3860.jpeg,32
3861.jpeg,89
3862.jpeg,31
3863.jpeg,96
3864.jpeg,91
3865.jpeg,93
3866.jpeg,19
3867.jpeg,75
3868.jpeg,54
3869.jpeg,14
3870.jpeg,36
3871.jpeg,8
3872.jpeg,4
3873.jpeg,36
3874.jpeg,30
3875.jpeg,21
3876.jpeg,8
3877.jpeg,72
3878.jpeg,82
3879.jpeg,51
3880.jpeg,2
3881.jpeg,29
3882.jpeg,38
3883.jpeg,28
3884.jpeg,79
3885.jpeg,25
3886.jpeg,34
3887.jpeg,82
3888.jpeg,12
3889.jpeg,7
3890.jpeg,38
3891.jpeg,74
3892.jpeg,40
3893.jpeg,47
3894.jpeg,18
3895.jpeg,39
3896.jpeg,52
3897.jpeg,53
3898.jpeg,46
3899.jpeg,59
3900.jpeg,65
3901.jpeg,32
3902.jpeg,50
3903.jpeg,5
3904.jpeg,0
3905.jpeg,9
3906.jpeg,17
3907.jpeg,21
3908.jpeg,39
3909.jpeg,45
3910.jpeg,13
3911.jpeg,5
3912.jpeg,76
3913.jpeg,16
3914.jpeg,83
3915.jpeg,82
3916.jpeg,78
3917.jpeg,33
3918.jpeg,99
3919.jpeg,77
3920.jpeg,94
3921.jpeg,2
3922.jpeg,83
3923.jpeg,41
3924.jpeg,70
3925.jpeg,31
3926.jpeg,13
3927.jpeg,87
3928.jpeg,39
3929.jpeg,55
3930.jpeg,40
3931.jpeg,79
3932.jpeg,60
3933.jpeg,46
3934.jpeg,93
3935.jpeg,21
3936.jpeg,87
3937.jpeg,69
3938.jpeg,90
3939.jpeg,42
3940.jpeg,51
3941.jpeg,33
3942.jpeg,41
3943.jpeg,23
3944.jpeg,43
3945.jpeg,15
3946.jpeg,83
3947.jpeg,99
3948.jpeg,88
3949.jpeg,40
3950.jpeg,35
3951.jpeg,14
3952.jpeg,33
3953.jpeg,19
3954.jpeg,95
3955.jpeg,31
3956.jpeg,62
3957.jpeg,85
3958.jpeg,63
3959.jpeg,61
3960.jpeg,82
3961.jpeg,82
3962.jpeg,29
3963.jpeg,57
3964.jpeg,35
3965.jpeg,75
3966.jpeg,3
3967.jpeg,52
3968.jpeg,23
3969.jpeg,40
3970.jpeg,31
3971.jpeg,82
3972.jpeg,75
3973.jpeg,63
3974.jpeg,41
3975.jpeg,9
3976.jpeg,67
3977.jpeg,60
3978.jpeg,44
3979.jpeg,16
3980.jpeg,20
3981.jpeg,80
3982.jpeg,90
3983.jpeg,53
3984.jpeg,70
3985.jpeg,62
3986.jpeg,66
3987.jpeg,89
3988.jpeg,14
3989.jpeg,69
3990.jpeg,63
3991.jpeg,17
3992.jpeg,58
3993.jpeg,71
3994.jpeg,73
3995.jpeg,90
3996.jpeg,80
3997.jpeg,13
3998.jpeg,81
3999.jpeg,22
4000.jpeg,6
4001.jpeg,7
4002.jpeg,18
4003.jpeg,40
4004.jpeg,99
4005.jpeg,72
4006.jpeg,78
4007.jpeg,8
4008.jpeg,63
4009.jpeg,34
4010.jpeg,13
4011.jpeg,74
4012.jpeg,74
4013.jpeg,86
4014.jpeg,77
4015.jpeg,81
4016.jpeg,72
4017.jpeg,92
4018.jpeg,4
4019.jpeg,27
4020.jpeg,43
4021.jpeg,86
4022.jpeg,83
4023.jpeg,24
4024.jpeg,64
4025.jpeg,3
4026.jpeg,14
4027.jpeg,52
4028.jpeg,85
4029.jpeg,66
4030.jpeg,97
4031.jpeg,13
4032.jpeg,95
4033.jpeg,17
4034.jpeg,34
4035.jpeg,8
4036.jpeg,27
4037.jpeg,31
4038.jpeg,8
4039.jpeg,12
4040.jpeg,31
4041.jpeg,62
4042.jpeg,65
4043.jpeg,21
4044.jpeg,17
4045.jpeg,41
4046.jpeg,41
4047.jpeg,48
4048.jpeg,98
4049.jpeg,86
4050.jpeg,55
4051.jpeg,46
4052.jpeg,40
4053.jpeg,19
4054.jpeg,95
4055.jpeg,36
4056.jpeg,34
4057.jpeg,94
4058.jpeg,73
4059.jpeg,59
4060.jpeg,25
4061.jpeg,0
4062.jpeg,85
4063.jpeg,44
4064.jpeg,32
4065.jpeg,20
4066.jpeg,71
4067.jpeg,32
4068.jpeg,31
4069.jpeg,49
4070.jpeg,13
4071.jpeg,86
4072.jpeg,89
4073.jpeg,69
4074.jpeg,98
4075.jpeg,94
4076.jpeg,46
4077.jpeg,45
4078.jpeg,49
4079.jpeg,93
4080.jpeg,14
4081.jpeg,47
4082.jpeg,88
4083.jpeg,77
4084.jpeg,56
4085.jpeg,14
4086.jpeg,67
4087.jpeg,69
4088.jpeg,53
4089.jpeg,14
4090.jpeg,62
4091.jpeg,21
4092.jpeg,72
4093.jpeg,90
4094.jpeg,22
4095.jpeg,13
4096.jpeg,59
4097.jpeg,12
4098.jpeg,8
4099.jpeg,55
4100.jpeg,48
4101.jpeg,29
4102.jpeg,48
4103.jpeg,73
4104.jpeg,30
4105.jpeg,39
4106.jpeg,36
4107.jpeg,18
4108.jpeg,89
4109.jpeg,2
4110.jpeg,39
4111.jpeg,50
4112.jpeg,98
4113.jpeg,28
4114.jpeg,98
4115.jpeg,16
4116.jpeg,69
4117.jpeg,64
4118.jpeg,90
4119.jpeg,41
4120.jpeg,37
4121.jpeg,84
4122.jpeg,0
4123.jpeg,3
4124.jpeg,52
4125.jpeg,56
4126.jpeg,76
4127.jpeg,66
4128.jpeg,83
4129.jpeg,27
4130.jpeg,7
4131.jpeg,58
4132.jpeg,38
4133.jpeg,79
4134.jpeg,23
4135.jpeg,27
4136.jpeg,7
4137.jpeg,17
4138.jpeg,26
4139.jpeg,87
4140.jpeg,52
4141.jpeg,37
4142.jpeg,94
4143.jpeg,51
4144.jpeg,71
4145.jpeg,27
4146.jpeg,56
4147.jpeg,86
4148.jpeg,81
4149.jpeg,20
4150.jpeg,79
4151.jpeg,49
4152.jpeg,70
4153.jpeg,46
4154.jpeg,58
4155.jpeg,13
4156.jpeg,72
4157.jpeg,83
4158.jpeg,10
4159.jpeg,17
4160.jpeg,80
4161.jpeg,90
4162.jpeg,90
4163.jpeg,21
4164.jpeg,1
4165.jpeg,54
4166.jpeg,72
4167.jpeg,28
4168.jpeg,17
4169.jpeg,50
4170.jpeg,64
4171.jpeg,48
4172.jpeg,4
4173.jpeg,10
4174.jpeg,86
4175.jpeg,49
4176.jpeg,35
4177.jpeg,4
4178.jpeg,28
4179.jpeg,90
4180.jpeg,26
4181.jpeg,68
4182.jpeg,68
4183.jpeg,2
4184.jpeg,40
4185.jpeg,27
4186.jpeg,29
4187.jpeg,84
4188.jpeg,23
4189.jpeg,16
4190.jpeg,61
4191.jpeg,55
4192.jpeg,7
4193.jpeg,40
4194.jpeg,4
4195.jpeg,11
4196.jpeg,93
4197.jpeg,61
4198.jpeg,94
4199.jpeg,16
4200.jpeg,76
4201.jpeg,16
4202.jpeg,46
4203.jpeg,30
4204.jpeg,16
4205.jpeg,48
4206.jpeg,4
4207.jpeg,71
4208.jpeg,37
4209.jpeg,29
4210.jpeg,98
4211.jpeg,56
4212.jpeg,52
4213.jpeg,58
4214.jpeg,70
4215.jpeg,32
4216.jpeg,27
4217.jpeg,13
4218.jpeg,9
4219.jpeg,54
4220.jpeg,42
4221.jpeg,66
4222.jpeg,12
4223.jpeg,39
4224.jpeg,82
4225.jpeg,96
4226.jpeg,62
4227.jpeg,60
4228.jpeg,65
4229.jpeg,84
4230.jpeg,55
4231.jpeg,25
4232.jpeg,92
4233.jpeg,52
4234.jpeg,2
4235.jpeg,17
4236.jpeg,84
4237.jpeg,9
4238.jpeg,82
4239.jpeg,67
4240.jpeg,48
4241.jpeg,16
4242.jpeg,3
4243.jpeg,98
4244.jpeg,34
4245.jpeg,89
4246.jpeg,61
4247.jpeg,7
4248.jpeg,40
4249.jpeg,46
4250.jpeg,1
4251.jpeg,64
4252.jpeg,90
4253.jpeg,77
4254.jpeg,37
4255.jpeg,30
4256.jpeg,25
4257.jpeg,37
4258.jpeg,7
4259.jpeg,20
4260.jpeg,72
4261.jpeg,53
4262.jpeg,31
4263.jpeg,84
4264.jpeg,35
4265.jpeg,54
4266.jpeg,20
4267.jpeg,90
4268.jpeg,46
4269.jpeg,83
4270.jpeg,64
4271.jpeg,25
4272.jpeg,40
4273.jpeg,13
4274.jpeg,27
4275.jpeg,62
4276.jpeg,73
4277.jpeg,75
4278.jpeg,12
4279.jpeg,90
4280.jpeg,62
4281.jpeg,60
4282.jpeg,81
4283.jpeg,38
4284.jpeg,43
4285.jpeg,93
4286.jpeg,58
4287.jpeg,4
4288.jpeg,5
4289.jpeg,18
4290.jpeg,52
4291.jpeg,18
4292.jpeg,72
4293.jpeg,85
4294.jpeg,83
4295.jpeg,1
4296.jpeg,43
4297.jpeg,48
4298.jpeg,91
4299.jpeg,18
4300.jpeg,11
4301.jpeg,5
4302.jpeg,37
4303.jpeg,13
4304.jpeg,56
4305.jpeg,8
4306.jpeg,18
4307.jpeg,19
4308.jpeg,33
4309.jpeg,56
4310.jpeg,49
4311.jpeg,64
4312.jpeg,40
4313.jpeg,19
4314.jpeg,9
4315.jpeg,77
4316.jpeg,19
4317.jpeg,32
4318.jpeg,99
4319.jpeg,6
4320.jpeg,90
4321.jpeg,3
4322.jpeg,35
4323.jpeg,41
4324.jpeg,46
4325.jpeg,84
4326.jpeg,19
4327.jpeg,90
4328.jpeg,7
4329.jpeg,58
4330.jpeg,65
4331.jpeg,77
4332.jpeg,5
4333.jpeg,85
4334.jpeg,35
4335.jpeg,96
4336.jpeg,66
4337.jpeg,57
4338.jpeg,12
4339.jpeg,99
4340.jpeg,54
4341.jpeg,92
4342.jpeg,44
4343.jpeg,91
4344.jpeg,64
4345.jpeg,60
4346.jpeg,12
4347.jpeg,33
4348.jpeg,45
4349.jpeg,79
4350.jpeg,90
4351.jpeg,42
4352.jpeg,32
4353.jpeg,58
4354.jpeg,64
4355.jpeg,28
4356.jpeg,74
4357.jpeg,60
4358.jpeg,23
4359.jpeg,66
4360.jpeg,39
4361.jpeg,1
4362.jpeg,97
4363.jpeg,54
4364.jpeg,98
4365.jpeg,77
4366.jpeg,18
4367.jpeg,45
4368.jpeg,59
4369.jpeg,31
4370.jpeg,66
4371.jpeg,24
4372.jpeg,77
4373.jpeg,5
4374.jpeg,77
4375.jpeg,70
4376.jpeg,69
4377.jpeg,17
4378.jpeg,89
4379.jpeg,29
4380.jpeg,30
4381.jpeg,76
4382.jpeg,69
4383.jpeg,41
4384.jpeg,13
4385.jpeg,71
4386.jpeg,77
4387.jpeg,91
4388.jpeg,5
4389.jpeg,92
4390.jpeg,37
4391.jpeg,31
4392.jpeg,19
4393.jpeg,54
4394.jpeg,31
4395.jpeg,8
4396.jpeg,84
4397.jpeg,47
4398.jpeg,61
4399.jpeg,95
4400.jpeg,14
4401.jpeg,50
4402.jpeg,87
4403.jpeg,10
4404.jpeg,77
4405.jpeg,87
4406.jpeg,23
4407.jpeg,66
4408.jpeg,82
4409.jpeg,22
4410.jpeg,13
4411.jpeg,21
4412.jpeg,41
4413.jpeg,31
4414.jpeg,83
4415.jpeg,17
4416.jpeg,63
4417.jpeg,47
4418.jpeg,4
4419.jpeg,51
4420.jpeg,46
4421.jpeg,81
4422.jpeg,19
4423.jpeg,46
4424.jpeg,65
4425.jpeg,40
4426.jpeg,21
4427.jpeg,31
4428.jpeg,53
4429.jpeg,85
4430.jpeg,80
4431.jpeg,26
4432.jpeg,96
4433.jpeg,76
4434.jpeg,67
4435.jpeg,6
4436.jpeg,82
4437.jpeg,80
4438.jpeg,20
4439.jpeg,63
4440.jpeg,52
4441.jpeg,38
4442.jpeg,88
4443.jpeg,18
4444.jpeg,75
4445.jpeg,67
4446.jpeg,62
4447.jpeg,62
4448.jpeg,61
4449.jpeg,74
4450.jpeg,71
4451.jpeg,75
4452.jpeg,92
4453.jpeg,69
4454.jpeg,0
4455.jpeg,9
4456.jpeg,66
4457.jpeg,76
4458.jpeg,92
4459.jpeg,55
4460.jpeg,76
4461.jpeg,65
4462.jpeg,76
4463.jpeg,64
4464.jpeg,55
4465.jpeg,82
4466.jpeg,84
4467.jpeg,46
4468.jpeg,74
4469.jpeg,57
4470.jpeg,57
4471.jpeg,5
4472.jpeg,93
4473.jpeg,93
4474.jpeg,68
4475.jpeg,94
4476.jpeg,44
4477.jpeg,34
4478.jpeg,59
4479.jpeg,33
4480.jpeg,42
4481.jpeg,3
4482.jpeg,68
4483.jpeg,57
4484.jpeg,30
4485.jpeg,68
4486.jpeg,7
4487.jpeg,35
4488.jpeg,4
4489.jpeg,90
4490.jpeg,42
4491.jpeg,37
4492.jpeg,7
4493.jpeg,33
4494.jpeg,3
4495.jpeg,81
4496.jpeg,61
4497.jpeg,97
4498.jpeg,83
4499.jpeg,10
4500.jpeg,79
4501.jpeg,13
4502.jpeg,68
4503.jpeg,4
4504.jpeg,46
4505.jpeg,3
4506.jpeg,53
4507.jpeg,23
4508.jpeg,71
4509.jpeg,50
4510.jpeg,1
4511.jpeg,80
4512.jpeg,94
4513.jpeg,27
4514.jpeg,85
4515.jpeg,23
4516.jpeg,85
4517.jpeg,72
4518.jpeg,89
4519.jpeg,73
4520.jpeg,75
4521.jpeg,99
4522.jpeg,92
4523.jpeg,26
4524.jpeg,48
4525.jpeg,48
4526.jpeg,70
4527.jpeg,77
4528.jpeg,93
4529.jpeg,49
4530.jpeg,86
4531.jpeg,33
4532.jpeg,90
4533.jpeg,33
4534.jpeg,65
4535.jpeg,55
4536.jpeg,67
4537.jpeg,18
4538.jpeg,65
4539.jpeg,14
4540.jpeg,1
4541.jpeg,57
4542.jpeg,46
4543.jpeg,56
4544.jpeg,81
4545.jpeg,71
4546.jpeg,82
4547.jpeg,94
4548.jpeg,48
4549.jpeg,57
4550.jpeg,49
4551.jpeg,8
4552.jpeg,66
4553.jpeg,62
4554.jpeg,44
4555.jpeg,36
4556.jpeg,89
4557.jpeg,23
4558.jpeg,82
4559.jpeg,85
4560.jpeg,92
4561.jpeg,52
4562.jpeg,80
4563.jpeg,7
4564.jpeg,10
4565.jpeg,61
4566.jpeg,3
4567.jpeg,76
4568.jpeg,68
4569.jpeg,29
4570.jpeg,13
4571.jpeg,46
4572.jpeg,6
4573.jpeg,86
4574.jpeg,17
4575.jpeg,32
4576.jpeg,30
4577.jpeg,45
4578.jpeg,6
4579.jpeg,40
4580.jpeg,95
4581.jpeg,26
4582.jpeg,73
4583.jpeg,98
4584.jpeg,70
4585.jpeg,15
4586.jpeg,78
4587.jpeg,80
4588.jpeg,5
4589.jpeg,61
4590.jpeg,66
4591.jpeg,81
4592.jpeg,93
4593.jpeg,36
4594.jpeg,33
4595.jpeg,13
4596.jpeg,16
4597.jpeg,90
4598.jpeg,8
4599.jpeg,62
4600.jpeg,4
4601.jpeg,33
4602.jpeg,23
4603.jpeg,9
4604.jpeg,76
4605.jpeg,48
4606.jpeg,61
4607.jpeg,92
4608.jpeg,81
4609.jpeg,91
4610.jpeg,79
4611.jpeg,54
4612.jpeg,61
4613.jpeg,49
4614.jpeg,91
4615.jpeg,17
4616.jpeg,42
4617.jpeg,41
4618.jpeg,6
4619.jpeg,90
4620.jpeg,33
4621.jpeg,63
4622.jpeg,22
4623.jpeg,51
4624.jpeg,13
4625.jpeg,69
4626.jpeg,71
4627.jpeg,31
4628.jpeg,7
4629.jpeg,3
4630.jpeg,41
4631.jpeg,95
4632.jpeg,59
4633.jpeg,50
4634.jpeg,75
4635.jpeg,11
4636.jpeg,48
4637.jpeg,58
4638.jpeg,24
4639.jpeg,90
4640.jpeg,60
4641.jpeg,52
4642.jpeg,24
4643.jpeg,50
4644.jpeg,18
4645.jpeg,47
4646.jpeg,87
4647.jpeg,52
4648.jpeg,47
4649.jpeg,49
4650.jpeg,32
4651.jpeg,91
4652.jpeg,59
4653.jpeg,36
4654.jpeg,22
4655.jpeg,15
4656.jpeg,28
4657.jpeg,9
4658.jpeg,50
4659.jpeg,86
4660.jpeg,81
4661.jpeg,66
4662.jpeg,90
4663.jpeg,42
4664.jpeg,70
4665.jpeg,61
4666.jpeg,1
4667.jpeg,64
4668.jpeg,15
4669.jpeg,78
4670.jpeg,70
4671.jpeg,57
4672.jpeg,26
4673.jpeg,81
4674.jpeg,59
4675.jpeg,40
4676.jpeg,87
4677.jpeg,77
4678.jpeg,46
4679.jpeg,26
4680.jpeg,26
4681.jpeg,74
4682.jpeg,11
4683.jpeg,20
4684.jpeg,41
4685.jpeg,30
4686.jpeg,99
4687.jpeg,89
4688.jpeg,98
4689.jpeg,88
4690.jpeg,65
4691.jpeg,62
4692.jpeg,53
4693.jpeg,67
4694.jpeg,70
4695.jpeg,91
4696.jpeg,3
4697.jpeg,20
4698.jpeg,57
4699.jpeg,90
4700.jpeg,22
4701.jpeg,21
4702.jpeg,35
4703.jpeg,22
4704.jpeg,95
4705.jpeg,75
4706.jpeg,6
4707.jpeg,97
4708.jpeg,99
4709.jpeg,8
4710.jpeg,43
4711.jpeg,4
4712.jpeg,53
4713.jpeg,11
4714.jpeg,28
4715.jpeg,78
4716.jpeg,17
4717.jpeg,96
4718.jpeg,47
4719.jpeg,40
4720.jpeg,3
4721.jpeg,19
4722.jpeg,35
4723.jpeg,4
4724.jpeg,6
4725.jpeg,55
4726.jpeg,60
4727.jpeg,62
4728.jpeg,47
4729.jpeg,86
4730.jpeg,8
4731.jpeg,99
4732.jpeg,84
4733.jpeg,79
4734.jpeg,22
4735.jpeg,99
4736.jpeg,70
4737.jpeg,60
4738.jpeg,81
4739.jpeg,7
4740.jpeg,74
4741.jpeg,91
4742.jpeg,10
4743.jpeg,20
4744.jpeg,40
4745.jpeg,83
4746.jpeg,51
4747.jpeg,9
4748.jpeg,62
4749.jpeg,30
4750.jpeg,70
4751.jpeg,78
4752.jpeg,14
4753.jpeg,12
4754.jpeg,67
4755.jpeg,88
4756.jpeg,39
4757.jpeg,69
4758.jpeg,10
4759.jpeg,47
4760.jpeg,24
4761.jpeg,45
4762.jpeg,5
4763.jpeg,85
4764.jpeg,74
4765.jpeg,0
4766.jpeg,26
4767.jpeg,29
4768.jpeg,4
4769.jpeg,37
4770.jpeg,29
4771.jpeg,22
4772.jpeg,88
4773.jpeg,9
4774.jpeg,59
4775.jpeg,90
4776.jpeg,80
4777.jpeg,62
4778.jpeg,0
4779.jpeg,18
4780.jpeg,48
4781.jpeg,67
4782.jpeg,19
4783.jpeg,37
4784.jpeg,92
4785.jpeg,27
4786.jpeg,5
4787.jpeg,15
4788.jpeg,35
4789.jpeg,80
4790.jpeg,97
4791.jpeg,35
4792.jpeg,97
4793.jpeg,23
4794.jpeg,33
4795.jpeg,55
4796.jpeg,64
4797.jpeg,49
4798.jpeg,80
4799.jpeg,82
4800.jpeg,81
4801.jpeg,31
4802.jpeg,24
4803.jpeg,47
4804.jpeg,29
4805.jpeg,53
4806.jpeg,89
4807.jpeg,21
4808.jpeg,81
4809.jpeg,20
4810.jpeg,97
4811.jpeg,14
4812.jpeg,64
4813.jpeg,68
4814.jpeg,78
4815.jpeg,26
4816.jpeg,6
4817.jpeg,14
4818.jpeg,95
4819.jpeg,98
4820.jpeg,33
4821.jpeg,70
4822.jpeg,48
4823.jpeg,50
4824.jpeg,36
4825.jpeg,57
4826.jpeg,27
4827.jpeg,76
4828.jpeg,41
4829.jpeg,90
4830.jpeg,57
4831.jpeg,48
4832.jpeg,75
4833.jpeg,63
4834.jpeg,9
4835.jpeg,63
4836.jpeg,23
4837.jpeg,72
4838.jpeg,24
4839.jpeg,42
4840.jpeg,34
4841.jpeg,92
4842.jpeg,44
4843.jpeg,67
4844.jpeg,0
4845.jpeg,36
4846.jpeg,37
4847.jpeg,14
4848.jpeg,46
4849.jpeg,14
4850.jpeg,33
4851.jpeg,1
4852.jpeg,53
4853.jpeg,43
4854.jpeg,81
4855.jpeg,94
4856.jpeg,61
4857.jpeg,20
4858.jpeg,81
4859.jpeg,48
4860.jpeg,39
4861.jpeg,75
4862.jpeg,14
4863.jpeg,52
4864.jpeg,21
4865.jpeg,74
4866.jpeg,77
4867.jpeg,31
4868.jpeg,75
4869.jpeg,68
4870.jpeg,47
4871.jpeg,84
4872.jpeg,80
4873.jpeg,81
4874.jpeg,31
4875.jpeg,77
4876.jpeg,27
4877.jpeg,99
4878.jpeg,27
4879.jpeg,19
4880.jpeg,52
4881.jpeg,32
4882.jpeg,19
4883.jpeg,52
4884.jpeg,88
4885.jpeg,58
4886.jpeg,57
4887.jpeg,41
4888.jpeg,72
4889.jpeg,24
4890.jpeg,23
4891.jpeg,76
4892.jpeg,74
4893.jpeg,42
4894.jpeg,86
4895.jpeg,52
4896.jpeg,58
4897.jpeg,2
4898.jpeg,89
4899.jpeg,98
4900.jpeg,79
4901.jpeg,64
4902.jpeg,73
4903.jpeg,36
4904.jpeg,42
4905.jpeg,47
4906.jpeg,47
4907.jpeg,47
4908.jpeg,25
4909.jpeg,83
4910.jpeg,4
4911.jpeg,73
4912.jpeg,84
4913.jpeg,96
4914.jpeg,83
4915.jpeg,98
4916.jpeg,27
4917.jpeg,11
4918.jpeg,10
4919.jpeg,86
4920.jpeg,74
4921.jpeg,7
4922.jpeg,17
4923.jpeg,8
4924.jpeg,57
4925.jpeg,10
4926.jpeg,41
4927.jpeg,73
4928.jpeg,78
4929.jpeg,29
4930.jpeg,6
4931.jpeg,65
4932.jpeg,9
4933.jpeg,67
4934.jpeg,8
4935.jpeg,84
4936.jpeg,81
4937.jpeg,42
4938.jpeg,95
4939.jpeg,3
4940.jpeg,96
4941.jpeg,20
4942.jpeg,98
4943.jpeg,41
4944.jpeg,3
4945.jpeg,79
4946.jpeg,66
4947.jpeg,2
4948.jpeg,48
4949.jpeg,60
4950.jpeg,58
4951.jpeg,32
4952.jpeg,39
4953.jpeg,76
4954.jpeg,53
4955.jpeg,47
4956.jpeg,58
4957.jpeg,92
4958.jpeg,69
4959.jpeg,45
4960.jpeg,14
4961.jpeg,93
4962.jpeg,83
4963.jpeg,54
4964.jpeg,43
4965.jpeg,20
4966.jpeg,84
4967.jpeg,38
4968.jpeg,82
4969.jpeg,79
4970.jpeg,8
4971.jpeg,75
4972.jpeg,11
4973.jpeg,61
4974.jpeg,63
4975.jpeg,41
4976.jpeg,62
4977.jpeg,98
4978.jpeg,43
4979.jpeg,71
4980.jpeg,13
4981.jpeg,32
4982.jpeg,85
4983.jpeg,79
4984.jpeg,87
4985.jpeg,87
4986.jpeg,22
4987.jpeg,22
4988.jpeg,29
4989.jpeg,43
4990.jpeg,26
4991.jpeg,51
4992.jpeg,8
4993.jpeg,86
4994.jpeg,52
4995.jpeg,34
4996.jpeg,22
4997.jpeg,2
4998.jpeg,22
4999.jpeg,41
